Date,open,high,low,close,volume
2014-03-12 04:00:00,14.367704321803078,14.439250991033084,14.328679698846758,14.432746887207031,39319248
2014-03-13 04:00:00,14.478277336930766,14.497789650730928,14.23762393958518,14.27014446258545,70116160
2014-03-14 04:00:00,14.218116478868806,14.335191941349732,14.166083618719188,14.179093360900879,54433958
2014-03-17 04:00:00,14.296164276100347,14.380717655981146,14.283156063810994,14.32868480682373,46338656
2014-03-18 04:00:00,14.367709303838378,14.413239573551895,14.34169287951291,14.40023136138916,44158186
2014-03-19 04:00:00,14.413238665892283,14.497792039625384,14.289659130984669,14.393726348876953,69971394
2014-03-20 04:00:00,14.367705287648123,14.65388892951953,14.367705287648123,14.621368408203125,112214267
2014-03-21 04:00:00,14.721254207351922,14.786537831758958,14.60374644246516,14.623331069946289,82702027
2014-03-24 04:00:00,14.669022144063145,14.708191381962799,14.531928278611746,14.616796493530273,68496287
2014-03-25 04:00:00,14.662502211536461,14.68861505153791,14.531936478725745,14.603748321533203,42096507
2014-03-26 04:00:00,14.688615116313859,14.695143326343011,14.453598022460938,14.453598022460938,62505872
2014-03-27 04:00:00,14.420952090634534,14.486235708569168,14.29691612888467,14.37525463104248,81009033
2014-03-28 04:00:00,14.414428362609605,14.525407930027987,14.381785780565465,14.434011459350586,48922771
2014-03-31 04:00:00,14.538461437616295,14.629857889986644,14.525405020535263,14.584158897399902,41048557
2014-04-01 04:00:00,14.623335505533012,14.655976561235656,14.571108283605037,14.610279083251953,51651775
2014-04-02 04:00:00,14.623327288593876,14.675552948372182,14.597214458704723,14.642911911010742,44565278
2014-04-03 04:00:00,14.655965731429927,14.675550350379753,14.571097516511399,14.616796493530273,46626833
2014-04-04 04:00:00,14.695143352411018,14.727785935418162,14.460126258141194,14.473182678222656,60202301
2014-04-07 04:00:00,14.460126493434673,14.46665470358163,14.238164282831084,14.251220703125,72897112
2014-04-08 04:00:00,14.264281541246165,14.303450810050096,14.15330041349787,14.270808219909668,56290676
2014-04-09 04:00:00,14.31649888751331,14.407893794779275,14.244687070429984,14.394837379455566,44907126
2014-04-10 04:00:00,14.407899296330326,14.407899296330326,14.055372882374693,14.061901092529297,94458692
2014-04-11 04:00:00,13.898694347869649,14.061901135031551,13.833412246126294,13.892166137695312,98050873
2014-04-14 04:00:00,14.05537376342903,14.074958395120495,13.859525913710774,14.003148078918457,69247689
2014-04-15 04:00:00,14.035785818515377,14.15982332275188,13.931334474150528,14.133708953857422,103855038
2014-04-16 04:00:00,14.198992478563076,14.251218150383847,14.114125761854325,14.24468994140625,49363100
2014-04-17 04:00:00,14.264281541246165,14.303450810050096,14.198997893769125,14.270808219909668,58956037
2014-04-21 04:00:00,14.277329036733693,14.290385451504314,14.225101844848352,14.257742881774902,37683618
2014-04-22 04:00:00,14.277333370228158,14.394841138830014,14.225106162490674,14.355671882629395,33032777
2014-04-23 04:00:00,14.342613925442723,14.401367803441447,14.32302929944315,14.388311386108398,32197667
2014-04-24 04:00:00,14.453593398212806,14.453593398212806,14.323027706599177,14.381781578063965,36918798
2014-04-25 04:00:00,14.349141304928677,14.362197721507247,14.238160231207754,14.264274597167969,35205738
2014-04-28 04:00:00,14.264273446117715,14.303442692692679,14.042311316587021,14.179405212402344,54068967
2014-04-29 04:00:00,14.21204874212162,14.323029826338317,14.19899232430827,14.31650161743164,34182162
2014-04-30 04:00:00,14.277333342680114,14.368728273638544,14.264276923971767,14.336087226867676,46774307
2014-05-01 04:00:00,14.33608409059819,14.381781546080287,14.290386635116095,14.362196922302246,33615533
2014-05-02 04:00:00,14.368728301362934,14.486237602768117,14.323030835795546,14.355671882629395,34600209
2014-05-05 04:00:00,14.225103233270918,14.309971470366264,14.172877569091018,14.296915054321289,23206197
2014-05-06 04:00:00,14.257748708359612,14.257748708359612,14.09454345703125,14.09454345703125,73906286
2014-05-07 04:00:00,14.1663486533722,14.296914340102399,14.12717940719402,14.283856391906738,50411420
2014-05-08 04:00:00,14.264273739707082,14.401366105541111,14.264273739707082,14.323027610778809,35858291
2014-05-09 04:00:00,14.316501617431642,14.336086244151668,14.22510515993497,14.31650161743164,29373014
2014-05-12 04:00:00,14.38831123475426,14.466651270731642,14.355670191764997,14.460123062133789,25643084
2014-05-13 04:00:00,14.466651887370539,14.50582114062724,14.427482634113836,14.447067260742188,28989311
2014-05-14 04:00:00,14.434009096803672,14.447067047166078,14.316501338770728,14.34261417388916,31432723
2014-05-15 04:00:00,14.277329861642704,14.296914484930184,14.07495235539949,14.179405212402344,49008449
2014-05-16 04:00:00,14.185933452609213,14.198989868164062,14.088008803144891,14.198989868164062,41206002
2014-05-19 04:00:00,14.159828624965193,14.28386464284431,14.15330041349787,14.270808219909668,24674780
2014-05-20 04:00:00,14.244691769809554,14.27733435169067,14.133710670142003,14.185937881469727,24000561
2014-05-21 04:00:00,14.238164372997836,14.336089058625848,14.231637695613056,14.277335166931152,39055814
2014-05-22 04:00:00,14.296916712431903,14.368727009007593,14.257745926951065,14.34261417388916,22555244
2014-05-23 04:00:00,14.3621985514423,14.394839594774922,14.329557508109675,14.388311386108398,20383390
2014-05-27 04:00:00,14.420954568381191,14.571104922784976,14.420954568381191,14.512351036071777,28444963
2014-05-28 04:00:00,14.479710269852339,14.525407738185775,14.45359743080466,14.486238479614258,40448075
2014-05-29 04:00:00,14.518876075744629,14.531932492163572,14.45359399364992,14.518876075744629,18361350
2014-05-30 04:00:00,14.486238251006238,14.564578299716405,14.47971004134734,14.551520347595215,33521607
2014-06-02 04:00:00,14.564577775097966,14.60374703164047,14.49276593863337,14.590690612792969,24982776
2014-06-03 04:00:00,14.55152365018345,14.610279083251953,14.525410805621334,14.610279083251953,19306758
2014-06-04 04:00:00,14.564572168194484,14.66249527185342,14.564572168194484,14.649438858032227,24081684
2014-06-05 04:00:00,14.67555608684428,14.793065379278548,14.610273998160357,14.786537170410156,38203470
2014-06-06 04:00:00,14.825705618917917,14.90404565388973,14.799592784861689,14.884459495544434,36753598
2014-06-09 04:00:00,14.890990343555256,14.969328851546035,14.87793392555679,14.94974422454834,39739634
2014-06-10 04:00:00,14.91057718136528,14.943218231201174,14.884462808693097,14.943218231201172,26550947
2014-06-11 04:00:00,14.884460391136454,14.890990132846529,14.799593675347314,14.845291137695312,25320439
2014-06-12 04:00:00,14.838766309403537,14.84529451979767,14.727786732703246,14.753899574279785,36993766
2014-06-13 04:00:00,14.793062791561827,14.825703830193966,14.714722766041751,14.760421752929688,34428485
2014-06-16 04:00:00,14.734307531430344,14.734307531430344,14.649440830167686,14.688610076904297,41736316
2014-06-17 04:00:00,14.669025440795707,14.851816791544094,14.66249723301194,14.838760375976562,30098442
2014-06-18 04:00:00,14.83223805108761,14.94974737060594,14.773484157730227,14.92363452911377,38125793
2014-06-19 04:00:00,14.930157938074974,14.943214354622226,14.851817905988389,14.904045104980469,28443117
2014-06-20 04:00:00,14.969585814167289,14.982693904904206,14.917151912350073,14.963031768798828,30669011
2014-06-23 04:00:00,14.963035505330847,15.008913834366684,14.910601590419965,14.995805740356445,23893956
2014-06-24 04:00:00,14.963035370758416,15.028575840220164,14.877831221588234,14.897493362426758,27761266
2014-06-25 04:00:00,14.825402797592783,14.930267576682315,14.812294700206591,14.910605430603027,31616881
2014-06-26 04:00:00,14.890937879887018,14.91060001882997,14.74674732210227,14.85816764831543,32902784
2014-06-27 04:00:00,14.812286728457913,14.91715145111084,14.812286728457913,14.91715145111084,22087464
2014-06-30 04:00:00,14.884384872014376,14.930263199415402,14.864722731699652,14.904047012329102,45984497
2014-07-01 04:00:00,14.936819317310368,15.06134621040764,14.936819317310368,14.995805740356445,34924332
2014-07-02 04:00:00,14.989255350178773,15.041687739011305,14.97614725297064,14.982701301574707,21714471
2014-07-03 04:00:00,15.08756081586719,15.120331044113032,15.054789048751745,15.100668907165527,27225904
2014-07-07 04:00:00,15.081005961536007,15.081005961536007,14.989249318005006,15.035127639770508,30418995
2014-07-08 04:00:00,15.008913299544169,15.02202139308732,14.871276778471227,14.904047012329102,42234379
2014-07-09 04:00:00,14.923705822142093,14.956476048686683,14.890935595597503,14.943367958068848,23890756
2014-07-10 04:00:00,14.77951834299743,14.89093867516117,14.72053192301831,14.845060348510742,31814580
2014-07-11 04:00:00,14.825398527830185,14.884384949079768,14.753302474099709,14.87127685546875,26102370
2014-07-14 04:00:00,15.015464131746503,15.022018177114962,14.943368093823912,14.963031768798828,26266093
2014-07-15 04:00:00,15.041684468936962,15.10067243241983,14.98925209150327,15.067900657653809,36321394
2014-07-16 04:00:00,15.081006520603959,15.10067019810209,14.995803919880913,15.041682243347168,32831509
2014-07-17 04:00:00,14.969588774003174,15.035129240646642,14.831952255182049,14.845060348510742,42034342
2014-07-18 04:00:00,14.890935430680706,15.028571919513192,14.890935430680706,15.015463829040527,25827980
2014-07-21 04:00:00,14.936820505490566,14.99580693322884,14.91060277651462,14.976144790649414,18265332
2014-07-22 04:00:00,15.015465340395485,15.048235569875576,14.989249156811413,15.022019386291504,15999553
2014-07-23 04:00:00,15.028573359694242,15.08100572660947,15.002357176236629,15.054789543151855,17625827
2014-07-24 04:00:00,15.094111252218658,15.113774925338543,15.061341028467842,15.08755874633789,25123971
2014-07-25 04:00:00,15.028577488267011,15.074455821921292,14.989253202277627,15.002361297607422,44700318
2014-07-28 04:00:00,14.989252805036154,15.048239232456986,14.910602696271674,15.008914947509766,51911024
2014-07-29 04:00:00,15.028574801882847,15.067899080842945,14.923708519119444,14.930262565612793,34997453
2014-07-30 04:00:00,14.989251693351324,15.05479216340252,14.904047543414846,14.995805740356445,49021005
2014-07-31 04:00:00,14.890938286930133,14.930262565890965,14.681207260269224,14.687761306762695,61818850
2014-08-01 04:00:00,14.648436562453194,14.707422979020572,14.497691959022356,14.563232421875,61016238
2014-08-04 04:00:00,14.615662803034958,14.700866932017274,14.550122349102057,14.681204795837402,32232135
2014-08-05 04:00:00,14.60911177967766,14.654991645790929,14.471476797947442,14.530463218688965,49123055
2014-08-06 04:00:00,14.484581345496906,14.668096148414408,14.484581345496906,14.589446067810059,45635509
2014-08-07 04:00:00,14.654993008500803,14.687763245293267,14.48458623830998,14.523910522460938,49004387
2014-08-08 04:00:00,14.517356680482026,14.674655358181194,14.484586443225954,14.66810131072998,62985100
2014-08-11 04:00:00,14.694312886623983,14.746745249770303,14.668096705050823,14.681204795837402,28040580
2014-08-12 04:00:00,14.635327356929777,14.753300181093216,14.635327356929777,14.71397590637207,27079046
2014-08-13 04:00:00,14.746745991478099,14.812287987577069,14.73363790003223,14.779516220092773,27864301
2014-08-14 04:00:00,14.799182340608148,14.87127685546875,14.792626754932762,14.87127685546875,26959269
2014-08-15 04:00:00,14.936817493670429,14.936817493670429,14.713976844963188,14.79918098449707,48988876
2014-08-18 04:00:00,14.871273594770859,14.976139859535747,14.8647195494024,14.963031768798828,30915826
2014-08-19 04:00:00,14.995803275358924,15.028573504997778,14.97614113757561,14.989249229431152,24872847
2014-08-20 04:00:00,14.963035427506483,15.081008272985047,14.943371747723473,15.028575897216797,32671479
2014-08-21 04:00:00,15.061345324173725,15.23175207514975,15.035129137695849,15.205535888671875,46030414
2014-08-22 04:00:00,15.205535245493778,15.244859523547216,15.13344073572914,15.15310287475586,30347351
2014-08-25 04:00:00,15.225195553341992,15.330061821075025,15.225195553341992,15.284183502197266,33893123
2014-08-26 04:00:00,15.27107819284568,15.362834847315451,15.26452414609784,15.316956520080566,17016729
2014-08-27 04:00:00,15.356278003290887,15.356278003290887,15.257965781111821,15.284183502197266,21784145
2014-08-28 04:00:00,15.212096523420728,15.25797486962623,15.179326276131084,15.238312721252441,25850015
2014-08-29 04:00:00,15.284180970259367,15.330059281537043,15.244855164580601,15.310397148132324,28003280
2014-09-02 04:00:00,15.356278581372253,15.382494764575014,15.28418407756466,15.369386672973633,36352415
2014-09-03 04:00:00,15.428381970258656,15.441488529231071,15.310407550803186,15.343177795410156,24151728
2014-09-04 04:00:00,15.356283187866211,15.454593904367277,15.30385080573231,15.356283187866211,31148855
2014-09-05 04:00:00,15.336618902790178,15.382497230750383,15.244860707999884,15.375943183898926,30005256
2014-09-08 04:00:00,15.362838503575546,15.441487083267507,15.330068262037228,15.382500648498535,26755908
2014-09-09 04:00:00,15.349725253284282,15.349725253284282,15.198980653950347,15.225196838378906,38428619
2014-09-10 04:00:00,15.231746519169649,15.323504677242049,15.231746519169649,15.303842544555664,38567107
2014-09-11 04:00:00,15.251421110510638,15.356285893252945,15.238311473797475,15.343177795410156,36650440
2014-09-12 04:00:00,15.343168094743232,15.402156036611224,15.271073602189398,15.330060005187988,42971009
2014-09-15 04:00:00,15.330068032889871,15.362838273938353,15.2776356472123,15.323513984680176,25694294
2014-09-16 04:00:00,15.284190475368842,15.421825494795932,15.277636426824694,15.389055252075195,39350392
2014-09-17 04:00:00,15.421817710222276,15.53979206333651,15.369385348335731,15.454587936401367,54889305
2014-09-18 04:00:00,15.533235029825304,15.644655316268745,15.51357289790044,15.605329513549805,63655749
2014-09-19 04:00:00,15.689577285333677,15.715901822762483,15.525047381173685,15.564534187316895,62190612
2014-09-22 04:00:00,15.531627301497052,15.571114104553764,15.439489882468225,15.459233283996582,39775087
2014-09-23 04:00:00,15.42632926695314,15.505302881524694,15.347355652381586,15.353935241699219,39927485
2014-09-24 04:00:00,15.386841246069864,15.4460714523269,15.321028360554395,15.43949031829834,44279193
2014-09-25 04:00:00,15.386837929949941,15.413162460390803,15.18282127380371,15.182821273803711,66656804
2014-09-26 04:00:00,15.228891466805655,15.367096817402626,15.202566932449997,15.32761001586914,49182020
2014-09-29 04:00:00,15.1762425593265,15.307865232503145,15.169659880437882,15.274959564208984,47184969
2014-09-30 04:00:00,15.307863581244924,15.340770791219171,15.215727719959961,15.24863338470459,40730589
2014-10-01 04:00:00,15.215734969485451,15.248640649907967,15.03804274997351,15.064367294311523,63257889
2014-10-02 04:00:00,15.07094374082736,15.163081162570705,14.96564405101066,15.103849411010742,69509769
2014-10-03 04:00:00,15.242050355478106,15.347350014790111,15.189401298436819,15.321023941040039,62092379
2014-10-06 04:00:00,15.42632718359191,15.42632718359191,15.255216163232486,15.274959564208984,40801003
2014-10-07 04:00:00,15.2354748655956,15.2354748655956,15.011714745074226,15.018294334411621,63099706
2014-10-08 04:00:00,15.024875618652278,15.301284790039062,14.9788061357296,15.301284790039062,72327897
2014-10-09 04:00:00,15.288123862864474,15.288123862864474,14.96564518027428,14.97880744934082,110277904
2014-10-10 04:00:00,14.945898664221374,15.117009671682855,14.853761254713037,14.860343933105469,76225243
2014-10-13 04:00:00,14.866921582350924,14.95905897984429,14.71555553934595,14.728717803955078,70603882
2014-10-14 04:00:00,14.768208067868587,14.906413423968017,14.722140130912054,14.787951469421387,78074944
2014-10-15 04:00:00,14.577356955191796,14.649749444010833,14.182484198670142,14.504962921142578,134405258
2014-10-16 04:00:00,14.254878232719362,14.616843767274908,14.24171596202499,14.504962921142578,101397347
2014-10-17 04:00:00,14.695815505273256,14.761626843378496,14.590515819075053,14.68923282623291,65796704
2014-10-20 04:00:00,14.656325958699677,14.78795016937677,14.656325958699677,14.774787902832031,60934746
2014-10-21 04:00:00,14.906413423083134,15.07094331457653,14.866925074750048,15.051199913024902,62988547
2014-10-22 04:00:00,15.077528131143046,15.090690402059042,14.912998199462889,14.91299819946289,56880817
2014-10-23 04:00:00,15.084103844503225,15.15649630851917,15.031454779764355,15.057779312133789,99572513
2014-10-24 04:00:00,15.084105149384996,15.209148234186577,15.057780614738302,15.202567100524902,32770205
2014-10-27 04:00:00,15.149915699736935,15.228889291523384,15.123589623911904,15.222308158874512,27325984
2014-10-28 04:00:00,15.261798677924128,15.393422908241172,15.261798677924128,15.386841773986816,44604546
2014-10-29 04:00:00,15.413166390481035,15.45265319621078,15.307866696638445,15.426328659057617,55631844
2014-10-30 04:00:00,15.413164236225741,15.584275249035528,15.367096302646493,15.511882781982422,41918628
2014-10-31 04:00:00,15.689579010009766,15.709322415251664,15.623766113973321,15.689579010009766,46879927
2014-11-03 05:00:00,15.729071170866925,15.788301406740272,15.683003209632101,15.748814582824707,60885014
2014-11-04 05:00:00,15.689570270021822,15.761962715582046,15.630340087290728,15.75538158416748,36701526
2014-11-05 05:00:00,15.893590058471032,15.893590058471032,15.768548536659532,15.860684394836426,30312760
2014-11-06 05:00:00,15.834364358603658,15.893594569958783,15.788294871208556,15.88701343536377,33192561
2014-11-07 05:00:00,15.893592834472656,15.933079637731014,15.81461922795594,15.893592834472656,35459694
2014-11-10 05:00:00,15.893594477626573,15.979150772094727,15.87385107395623,15.979150772094727,37733474
2014-11-11 05:00:00,15.985728617635907,15.998892430543506,15.926498413085938,15.926498413085938,47698542
2014-11-12 05:00:00,15.873849432843476,15.913336236101834,15.83436262958512,15.893592834472656,23048629
2014-11-13 05:00:00,15.90675683914881,15.939662512123878,15.821200544183625,15.88701343536377,36133543
2014-11-14 05:00:00,15.880426139624108,15.913331799832735,15.814614819206854,15.834358215332031,14073777
2014-11-17 05:00:00,15.788288745810545,15.854101611457207,15.775126481727096,15.834358215332031,19907978
2014-11-18 05:00:00,15.827783224008645,15.939662512123878,15.821200544183625,15.88701343536377,15630130
2014-11-19 05:00:00,15.86069185359525,15.880435261060684,15.788297814325029,15.854110717773438,27164231
2014-11-20 05:00:00,15.775135542681406,15.873854125238873,15.74881099939416,15.854110717773438,19798912
2014-11-21 05:00:00,16.03180211175854,16.03180211175854,15.9133401277832,15.933083534240723,25110061
2014-11-24 05:00:00,15.985723348556887,16.077860737161565,15.979143762116538,16.038373947143555,23038411
2014-11-25 05:00:00,16.07128116774298,16.07128116774298,15.972562637872441,16.02521324157715,28864242
2014-11-26 05:00:00,16.0252185258827,16.051543063800818,16.00547512244411,16.04496192932129,10769280
2014-11-28 05:00:00,16.058120727539062,16.1305147363969,16.038377328367737,16.058120727539062,9621496
2014-12-01 05:00:00,15.972568779166272,16.018638268274835,15.906757430768414,15.946244239807129,33654309
2014-12-02 05:00:00,15.93308245970125,16.11077465106545,15.93308245970125,16.097612380981445,26767603
2014-12-03 05:00:00,16.11077213961649,16.1831661590234,16.077866469536016,16.17000389099121,17814417
2014-12-04 05:00:00,16.150260053657142,16.20949025820561,16.084447170040132,16.189746856689453,20925400
2014-12-05 05:00:00,16.275298139512266,16.3937600686762,16.25555474218986,16.334529876708984,37209929
2014-12-08 05:00:00,16.314796138536448,16.499069501207163,16.308215002199294,16.41351318359375,52915889
2014-12-09 05:00:00,16.202904828436196,16.37401580810547,16.15683690377931,16.37401580810547,55516992
2014-12-10 05:00:00,16.32795151502871,16.38060058348937,16.13709555139928,16.163421630859375,63708559
2014-12-11 05:00:00,16.20949441983012,16.347699811155874,16.176588742188326,16.202913284301758,71819494
2014-12-12 05:00:00,16.077867883849173,16.176586448004386,15.867270031578727,15.88701343536377,48320689
2014-12-15 05:00:00,15.979152467639684,16.0054770086601,15.663254884934352,15.742228507995605,45935750
2014-12-16 05:00:00,15.656676505824342,15.906762804685103,15.584283998129724,15.590865135192871,45497391
2014-12-17 05:00:00,15.663253896466278,15.952825374646913,15.63034822226735,15.946244239807129,53873361
2014-12-18 05:00:00,16.189740060637966,16.32794535846572,16.104183811419194,16.314783096313477,46183796
2014-12-19 05:00:00,16.365064688448903,16.4113679758445,16.272456560533662,16.325374603271484,49107421
2014-12-22 05:00:00,16.37168085279877,16.437829971313477,16.331992313564548,16.437829971313477,19475282
2014-12-23 05:00:00,16.497358327891938,16.589966447569903,16.464284554122635,16.530433654785156,22928360
2014-12-24 05:00:00,16.583357722504417,16.583357722504417,16.49736432631322,16.50398063659668,9773278
2014-12-26 05:00:00,16.556898693868504,16.563513451027482,16.49736432631322,16.50398063659668,18149002
2014-12-29 05:00:00,16.490743226192606,16.629654626225065,16.457669453119134,16.563507080078125,22126486
2014-12-30 05:00:00,16.53705017679022,16.583353465015502,16.49074533544086,16.543664932250977,20298451
2014-12-31 05:00:00,16.60319514133152,16.616424650189252,16.338601857929223,16.35844612121582,29869969
2015-01-02 05:00:00,16.44443948191491,16.470898499630373,16.232765787067375,16.35844612121582,40511471
2015-01-05 05:00:00,16.25261105655277,16.285684830744692,15.97478824709274,16.014476776123047,50770502
2015-01-06 05:00:00,16.01447322747106,16.06739125445202,15.69696351246173,15.769725799560547,57454463
2015-01-07 05:00:00,15.902028081450553,15.974791954684497,15.809421492220089,15.935103416442871,36287049
2015-01-08 05:00:00,16.12031499159931,16.212923115820992,16.08724121620728,16.173233032226562,37995923
2015-01-09 05:00:00,16.20630588877339,16.212922196600665,15.948328902218014,15.954943656921387,36300590
2015-01-12 05:00:00,15.954941819332166,15.99463034298132,15.77634190978725,15.82264518737793,38356360
2015-01-13 05:00:00,15.928481433627006,16.03431748758892,15.657273439102422,15.769725799560547,45785445
2015-01-14 05:00:00,15.518364030254936,15.60435738811198,15.339764113454388,15.544824600219727,71356023
2015-01-15 05:00:00,15.491906322096868,15.57128493244919,15.326535899747109,15.352994918823242,58038203
2015-01-16 05:00:00,15.313310454890242,15.544830039507547,15.253777646166878,15.538213729858398,89499855
2015-01-20 05:00:00,15.584512942360462,15.644047288610048,15.419144072566958,15.472062110900879,39330942
2015-01-21 05:00:00,15.465447889786756,15.59112978829074,15.366225011362772,15.511751174926758,49251571
2015-01-22 05:00:00,15.604360102932956,15.915256711151583,15.498522464031701,15.89541244506836,97345387
2015-01-23 05:00:00,15.882179248546981,15.91525301767688,15.723422050476074,15.723422050476074,34069402
2015-01-26 05:00:00,15.696969804190129,15.809420656597705,15.657279714922064,15.80280590057373,27588310
2015-01-27 05:00:00,15.584511626898168,15.73665252739016,15.571283671555161,15.630816459655762,35186781
2015-01-28 05:00:00,15.710196407085878,15.710196407085878,15.319921214568325,15.346380233764648,85405918
2015-01-29 05:00:00,15.326535952358672,15.50513588485958,15.26700315923301,15.472062110900879,50409450
2015-01-30 05:00:00,15.293464129091195,15.472064084372644,15.214085508341595,15.22070026397705,64531113
2015-02-02 05:00:00,15.26039035530859,15.485293600103,15.141323200711962,15.465449333190918,62984977
2015-02-03 05:00:00,15.524977882572985,15.736651558128033,15.524977882572985,15.723422050476074,66155787
2015-02-04 05:00:00,15.690352510430658,15.816034420123525,15.657278732386251,15.683737754821777,37523958
2015-02-05 05:00:00,15.730039373919666,15.86894921324176,15.716808312289004,15.842490196228027,30264135
2015-02-06 05:00:00,15.988017290975588,16.126928691658566,15.928484499164549,15.968173027038574,83237512
2015-02-09 05:00:00,15.895411206956597,15.968173510260879,15.849107923035689,15.888794898986816,37354080
2015-02-10 05:00:00,16.007862021284662,16.047552103438907,15.89541118903212,16.014476776123047,39742220
2015-02-11 05:00:00,15.994632511607893,16.060781613115676,15.908640698708892,16.014476776123047,36080733
2015-02-12 05:00:00,16.040936377534443,16.19307729746178,16.007862602142414,16.173233032226562,40635310
2015-02-13 05:00:00,16.179844108134898,16.226148936278378,16.10046706524374,16.15999984741211,23270085
2015-02-17 05:00:00,16.133546334194747,16.25261349225363,16.120316822535333,16.21292495727539,17869196
2015-02-18 05:00:00,16.193076014000045,16.193076014000045,16.074010432025858,16.113698959350586,36387868
2015-02-19 05:00:00,16.074013038620414,16.113701572381117,16.00786392922846,16.04755401611328,21550255
2015-02-20 05:00:00,16.02109029150939,16.193075457125904,15.921868976609751,16.166616439819336,40206183
2015-02-23 05:00:00,16.146774502654743,16.146774502654743,16.040936865059575,16.126930236816406,23616735
2015-02-24 05:00:00,16.16661412255123,16.259222222973904,16.1335403556587,16.206302642822266,33958612
2015-02-25 05:00:00,16.19307313606525,16.272451729730918,16.186458382686748,16.206302642822266,32659415
2015-02-26 05:00:00,16.226150781882932,16.232765536209573,16.113698405206197,16.166616439819336,33480738
2015-02-27 05:00:00,16.146780449981637,16.1798542385609,16.093862388254816,16.107091903686523,28937856
2015-03-02 05:00:00,16.113703820274438,16.239385747840323,16.08063003752666,16.22615623474121,27137641
2015-03-03 05:00:00,16.179845809936523,16.226150642950362,16.10046875869646,16.179845809936523,31729394
2015-03-04 05:00:00,16.1136993075429,16.133543571634064,16.021091188660208,16.080625534057617,47685247
2015-03-05 05:00:00,16.107081955512523,16.179844245446922,16.054162373345672,16.146770477294922,25112031
2015-03-06 05:00:00,16.206309935650616,16.312147590457176,16.001250935516932,16.0277099609375,74347599
2015-03-09 04:00:00,16.040935244608495,16.133543362289522,16.034320489997267,16.1004695892334,26666907
2015-03-10 04:00:00,15.961560169324606,15.968174924756399,15.75650119781494,15.756501197814941,49650662
2015-03-11 04:00:00,15.802804384253985,15.915256778995678,15.782960118086168,15.855722427368164,36531648
2015-03-12 04:00:00,15.988012762805667,16.212917463308116,15.968168504489002,16.199687957763672,50418806
2015-03-13 04:00:00,16.160002520468854,16.193076293810964,15.994632100634403,16.08724021911621,40917578
2015-03-16 04:00:00,16.153386045817026,16.298912186150847,16.153386045817026,16.285682678222656,39676730
2015-03-17 04:00:00,16.2327631538108,16.285681180657438,16.13354030034978,16.24599266052246,22247248
2015-03-18 04:00:00,16.2063035307493,16.391519741742457,16.146770747081003,16.338600158691406,58915168
2015-03-19 04:00:00,16.338599470402183,16.338599470402183,16.113696299561575,16.186458587646484,42486734
2015-03-20 04:00:00,16.266799103225114,16.419507910309676,16.21368353864657,16.40622901916504,47450742
2015-03-23 04:00:00,16.373029384913426,16.452704278992446,16.313274383544922,16.313274383544922,26417014
2015-03-24 04:00:00,16.29999826102038,16.29999826102038,16.173847233353705,16.18048667907715,22615686
2015-03-25 04:00:00,16.2004077754308,16.240244456556262,15.921547889709473,15.921547889709473,40570806
2015-03-26 04:00:00,15.855150849712778,15.981301878405256,15.788756391938469,15.908267974853516,40238682
2015-03-27 04:00:00,15.908270386028162,15.928187167457898,15.828595465701582,15.888350486755371,30154207
2015-03-30 04:00:00,16.007859219737146,16.160568027324956,16.001219774142946,16.120731353759766,43422048
2015-03-31 04:00:00,16.041055502381813,16.087531618802284,15.974661050352564,16.007858276367188,26132160
2015-04-01 04:00:00,15.968030103308681,16.05434293688225,15.881715710813127,15.994587898254395,32823015
2015-04-02 04:00:00,15.954744959159438,16.100812774171708,15.954744959159438,16.074254989624023,26472163
2015-04-06 04:00:00,15.941464314865295,16.14064923600322,15.908267087829174,16.100811004638672,19432443
2015-04-07 04:00:00,16.13400548663065,16.147284373902774,16.014493942260742,16.014493942260742,22346466
2015-04-08 04:00:00,16.027778866665574,16.14065100991461,16.027778866665574,16.074254989624023,22778055
2015-04-09 04:00:00,16.047695441380878,16.11408989545312,15.987940432715863,16.100811004638672,25595691
2015-04-10 04:00:00,16.107457700522037,16.134015491535106,16.067619455080685,16.09417724609375,18165005
2015-04-13 04:00:00,16.067618198447477,16.207048149283146,16.054339303979475,16.153932571411133,38112499
2015-04-14 04:00:00,16.140653676943128,16.19376925481514,16.060978751213476,16.153932571411133,32499016
2015-04-15 04:00:00,16.187126298851922,16.280078539979574,16.147289624082926,16.21368408203125,45762179
2015-04-16 04:00:00,16.20705048548513,16.293364870890766,16.12073765900135,16.24024772644043,27839065
2015-04-17 04:00:00,16.16057291819149,16.16057291819149,15.961386372240847,16.021142959594727,49064829
2015-04-20 04:00:00,16.08089259807885,16.147288610781874,16.074253152700667,16.08753204345703,19100196
2015-04-21 04:00:00,16.147288184549765,16.167206520158537,15.99457938596134,16.007858276367188,26714793
2015-04-22 04:00:00,16.02113811092554,16.160568027324956,15.968022546171955,16.120731353759766,26511555
2015-04-23 04:00:00,16.094174053062055,16.18712786208781,16.06761626731797,16.14729118347168,26294652
2015-04-24 04:00:00,16.11409034924432,16.14064969054236,16.060974784490732,16.120731353759766,23031271
2015-04-27 04:00:00,16.140649023854415,16.207043477053983,16.034416339813923,16.06097412109375,29486759
2015-04-28 04:00:00,16.03442096227747,16.153932571411133,15.96802648993745,16.153932571411133,31748721
2015-04-29 04:00:00,16.060976820881947,16.22032509426792,15.994582356521725,16.14729118347168,49893538
2015-04-30 04:00:00,16.10081633083761,16.187130708605782,15.961386372240847,16.021142959594727,42838185
2015-05-01 04:00:00,16.107460276179655,16.180494213144055,16.087540370812818,16.16057586669922,22565584
2015-05-04 04:00:00,16.2269638736285,16.32655712499609,16.200406088976177,16.319917678833008,27367961
2015-05-05 04:00:00,16.273442362137992,16.366394613027463,16.16057021285075,16.17384910583496,37717594
2015-05-06 04:00:00,16.24024665558737,16.26680444660044,15.981306634288218,16.09417724609375,36626312
2015-05-07 04:00:00,16.027776120192147,16.24687936408703,16.027776120192147,16.207042694091797,39290812
2015-05-08 04:00:00,16.293355182501386,16.439424514770508,16.293355182501386,16.439424514770508,40714217
2015-05-11 04:00:00,16.439431493976947,16.47262872928602,16.353117123251764,16.379674911499023,38354636
2015-05-12 04:00:00,16.30663878650685,16.359754355811493,16.187127196650014,16.319917678833008,48760649
2015-05-13 04:00:00,16.319919619819725,16.386314089347064,16.29336183200879,16.32655906677246,29430379
2015-05-14 04:00:00,16.406227815300856,16.479263270158366,16.373030589875228,16.472623825073242,26445450
2015-05-15 04:00:00,16.47925869434756,16.485898137589107,16.346468270595956,16.39958381652832,28494942
2015-05-18 04:00:00,16.406227921260477,16.505821157101717,16.386309585876457,16.492542266845703,19841750
2015-05-19 04:00:00,16.525741887653137,16.638614030109572,16.51246299547254,16.58549690246582,32513049
2015-05-20 04:00:00,16.618695449171604,16.625334895164954,16.512462754356683,16.539020538330078,37350263
2015-05-21 04:00:00,16.50581737634646,16.539014594382472,16.485899045524853,16.499177932739258,23172098
2015-05-22 04:00:00,16.46598836257865,16.54566172287057,16.46598836257865,16.50582504272461,16231966
2015-05-26 04:00:00,16.479265945668324,16.479265945668324,16.30663878650685,16.319917678833008,54832187
2015-05-27 04:00:00,16.36638750167442,16.519096263560865,16.346469170852814,16.499177932739258,31773341
2015-05-28 04:00:00,16.459341160279294,16.4925383780918,16.37966627860851,16.479259490966797,21900598
2015-05-29 04:00:00,16.47926986395206,16.47926986395206,16.293363768261443,16.333200454711914,31521478
2015-06-01 04:00:00,16.419503761994203,16.439423652599725,16.299993771886147,16.34646987915039,23062170
2015-06-02 04:00:00,16.333191137787185,16.4327827971034,16.26679513932218,16.373027801513672,26426862
2015-06-03 04:00:00,16.43278770579302,16.558938737530728,16.3995904761045,16.512462615966797,40898498
2015-06-04 04:00:00,16.465983457892275,16.505820126172175,16.339832449418218,16.366390228271484,37471271
2015-06-05 04:00:00,16.4858988232651,16.56557370439815,16.412864944570497,16.459341049194336,52402931
2015-06-08 04:00:00,16.485903677934377,16.50582201435288,16.35311320955646,16.359752655029297,28272131
2015-06-09 04:00:00,16.373026043562138,16.472619251106014,16.30663161114668,16.39958381652832,31163011
2015-06-10 04:00:00,16.492543350828168,16.691728276681054,16.465985568570616,16.631973266601562,53968148
2015-06-11 04:00:00,16.705005610106408,16.731564948808604,16.638611160653657,16.698366165161133,60034147
2015-06-12 04:00:00,16.65853483607714,16.691732071446275,16.572220465195798,16.625337600708008,42206558
2015-06-15 04:00:00,16.519098462359675,16.612052244154043,16.446064572959163,16.552295684814453,40678641
2015-06-16 04:00:00,16.558934081245592,16.65852730122739,16.50581852867977,16.645248413085938,36228207
2015-06-17 04:00:00,16.6983715185201,16.71828985974158,16.58549935934345,16.625337600708008,55448179
2015-06-18 04:00:00,16.69836883594044,16.804601530977063,16.625334929861182,16.778043746948242,70136594
2015-06-19 04:00:00,16.73136880235131,16.751374229970665,16.497970581054688,16.497970581054688,47071470
2015-06-22 04:00:00,16.738028716696725,16.818051951979605,16.73136024423454,16.751365661621094,40678518
2015-06-23 04:00:00,16.798048785723356,16.838061195324784,16.75803794185895,16.784711837768555,33542288
2015-06-24 04:00:00,16.75803993800392,16.784713837090806,16.64467430114746,16.64467430114746,26541099
2015-06-25 04:00:00,16.691353303580172,16.69802177759812,16.531308361412343,16.544645309448242,43711579
2015-06-26 04:00:00,16.617997364017217,16.64467125822767,16.551312628491075,16.597991943359375,30737208
2015-06-29 04:00:00,16.417944496250488,16.491297718306384,16.191214789613245,16.1978816986084,52912442
2015-06-30 04:00:00,16.35792317182175,16.39793400785928,16.20454673460784,16.25789451599121,77383245
2015-07-01 04:00:00,16.511299173365476,16.544641535850307,16.404602047677344,16.504629135131836,52375111
2015-07-02 04:00:00,16.497964528764502,16.53797536932521,16.36459349449192,16.431278228759766,24081438
2015-07-06 04:00:00,16.244561311715238,16.404606258459907,16.22455588908929,16.364595413208008,33223951
2015-07-07 04:00:00,16.337919941078393,16.4112747230677,16.091184829765623,16.397937774658203,63077548
2015-07-08 04:00:00,16.177873275445897,16.28456884105865,16.084513089797984,16.111186981201172,56789354
2015-07-09 04:00:00,16.33792117887705,16.364596643454117,16.2045516846777,16.23789405822754,31236625
2015-07-10 04:00:00,16.464620595893688,16.47128906932047,16.35792502106514,16.431278228759766,36120618
2015-07-13 04:00:00,16.57131234146165,16.631328582763672,16.537969985182748,16.631328582763672,41191230
2015-07-14 04:00:00,16.577988365923577,16.70469094324758,16.54464599445334,16.671348571777344,27691961
2015-07-15 04:00:00,16.751367940724645,16.838059660264534,16.69135168039948,16.811384201049805,62160945
2015-07-16 04:00:00,16.938090880398683,16.97810173034668,16.91808545542468,16.97810173034668,39781365
2015-07-17 04:00:00,16.964759830438094,16.984766815311776,16.858062695971267,16.93141746520996,22286763
2015-07-20 04:00:00,16.978095628049054,17.004771084163906,16.904742429509128,16.9514217376709,25354045
2015-07-21 04:00:00,16.95809292312927,17.024777653585534,16.891406626936202,16.93141746520996,24390172
2015-07-22 04:00:00,16.9380885359209,17.078128057092652,16.918083113715944,17.058122634887695,36459143
2015-07-23 04:00:00,17.071460047831938,17.084796996331704,16.87807272884824,16.911415100097656,36561685
2015-07-24 04:00:00,16.891405149063637,16.904742093988006,16.724691771772356,16.751365661621094,32149658
2015-07-27 04:00:00,16.637998619755837,16.678009447290517,16.57131234146165,16.631328582763672,34805048
2015-07-28 04:00:00,16.764707586839116,16.764707586839116,16.59132568557907,16.698022842407227,29677194
2015-07-29 04:00:00,16.75136902927366,16.871403123461,16.711358186456877,16.864734649658203,33091373
2015-07-30 04:00:00,16.838060754447014,16.878071597263798,16.771374450682057,16.864734649658203,20597954
2015-07-31 04:00:00,16.844728133633996,16.88473897385077,16.76470488746357,16.811384201049805,24137571
2015-08-03 04:00:00,16.811385350064572,16.831392337277265,16.67801587355987,16.791379928588867,42025601
2015-08-04 04:00:00,16.804718065751583,16.85139738148317,16.73803176325522,16.764705657958984,30678613
2015-08-05 04:00:00,16.878075430125318,16.931423232662514,16.78471520994789,16.831396102905273,24771536
2015-08-06 04:00:00,16.844730438968075,16.871404336096454,16.71135938758907,16.77137565612793,23921408
2015-08-07 04:00:00,16.75803333214277,16.82471805357348,16.66467472213978,16.80471420288086,30673812
2015-08-10 04:00:00,16.91808431955212,16.971433681638192,16.871404997746815,16.964763641357422,30165778
2015-08-11 04:00:00,16.80471729341722,16.864733553742383,16.744699467355183,16.811384201049805,65448208
2015-08-12 04:00:00,16.671348997453855,16.684685946382487,16.404606887406917,16.658010482788086,77509300
2015-08-13 04:00:00,16.698023597981997,16.778045294921196,16.59132643632586,16.718029022216797,27547564
2015-08-14 04:00:00,16.698024649525912,16.838064193725586,16.69135617436104,16.838064193725586,33603346
2015-08-17 04:00:00,16.76470370103252,16.87806930602742,16.704687444954683,16.871400833129883,28771055
2015-08-18 04:00:00,16.85139774340708,16.89807706014122,16.818055374311268,16.858064651489258,20245642
2015-08-19 04:00:00,16.811382682805945,16.85139508514606,16.644669297888473,16.704687118530273,57382080
2015-08-20 04:00:00,16.53130540730533,16.551310825784256,16.351253509521484,16.351253509521484,67731590
2015-08-21 04:00:00,16.144533363631297,16.264567470557413,15.764427185058596,15.764427185058594,127715881
2015-08-24 04:00:00,14.797485435298873,15.624383904835353,12.350131608371553,15.090901374816895,143651668
2015-08-25 04:00:00,15.644390988078968,15.65772793531818,14.837497851421935,14.890847206115723,84936661
2015-08-26 04:00:00,15.237612242550375,15.45100498199463,14.957533195585553,15.451004981994629,146056427
2015-08-27 04:00:00,15.651057759378961,15.864450457733199,15.524355208650572,15.831108093261719,96219884
2015-08-28 04:00:00,15.771089362213656,15.811100193300424,15.657723775064625,15.757752418518066,40348364
2015-08-31 04:00:00,15.657732980954284,15.724417738639216,15.61105365057483,15.624390602111816,58845124
2015-09-01 04:00:00,15.290957511192785,15.370979188120106,15.00421003739626,15.117575645446777,86294454
2015-09-02 04:00:00,15.317637058823493,15.36431795333598,15.124249702446411,15.324305534362793,52533664
2015-09-03 04:00:00,15.37098021550063,15.571037552664183,15.344306321408666,15.410992622375488,60273576
2015-09-04 04:00:00,15.190930577346537,15.237611459934486,15.004211744205708,15.104240417480469,54210039
2015-09-08 04:00:00,15.397653954354883,15.504349518797518,15.290956824175508,15.491012573242188,49726245
2015-09-09 04:00:00,15.63105641729584,15.697742729367445,15.24428175708181,15.277624130249023,43741739
2015-09-10 04:00:00,15.264282374273984,15.464338116017077,15.217601500802472,15.350974082946777,43653476
2015-09-11 04:00:00,15.277619316928117,15.41765880584717,15.244276954265647,15.417658805847168,26809949
2015-09-14 04:00:00,15.384322166442871,15.431001491535918,15.324304325585976,15.384322166442871,31837353
2015-09-15 04:00:00,15.444339445838953,15.65106375043064,15.384323166816731,15.604384422302246,41048311
2015-09-16 04:00:00,15.617718820600368,15.731084450406527,15.537697128316335,15.704410552978516,28008328
2015-09-17 04:00:00,15.69106967577193,15.79776681515467,15.45100306933186,15.484345436096191,75221486
2015-09-18 04:00:00,15.271931136240038,15.345643114432649,15.158011051092913,15.184815406799316,85290820
2015-09-21 04:00:00,15.285321662590315,15.419343338961975,15.258515753922271,15.359033584594727,47097445
2015-09-22 04:00:00,15.131192234482896,15.218306307273656,15.050777670821097,15.164697647094727,65335941
2015-09-23 04:00:00,15.171408653259277,15.225017348503737,15.084292950092593,15.171408653259277,34891095
2015-09-24 04:00:00,14.99716764766332,15.090982794450298,14.9301552551365,15.064178466796875,51271027
2015-09-25 04:00:00,15.278623344912294,15.385842289856356,15.211612487693603,15.28532600402832,55416173
2015-09-28 04:00:00,15.178102818003541,15.204907153401322,14.883251981840502,14.930159568786621,58422891
2015-09-29 04:00:00,14.94356423021109,15.003875568314346,14.82294470079254,14.956966400146484,48264309
2015-09-30 04:00:00,15.158011051092913,15.184815406799316,15.00388443238618,15.184815406799316,49086741
2015-10-01 04:00:00,15.17810326403617,15.251815188546212,15.030677841622321,15.191505432128906,48512971
2015-10-02 04:00:00,14.863143773914192,15.211603164672852,14.729120568223971,15.211603164672852,75346063
2015-10-05 04:00:00,15.318827893207985,15.55336741267698,15.312126809034407,15.53326416015625,47975517
2015-10-06 04:00:00,15.499765964396246,15.553374662774186,15.432753518029296,15.459559440612793,36684908
2015-10-07 04:00:00,15.560065475442917,15.667284374794498,15.466250315229589,15.580168724060059,38597020
2015-10-08 04:00:00,15.51986561164802,15.687394328455486,15.48636018296536,15.673992156982422,37237011
2015-10-09 04:00:00,15.707493367797724,15.72089553567196,15.506459276290439,15.573470115661621,58339183
2015-10-12 04:00:00,15.566773611475918,15.613682786230184,15.526567096024436,15.58687686920166,25312191
2015-10-13 04:00:00,15.533265080018042,15.633781348574155,15.466254234313965,15.466254234313965,42452020
2015-10-14 04:00:00,15.47295915003741,15.499763494955879,15.318832593361929,15.338935852050781,44763838
2015-10-15 04:00:00,15.426043663629551,15.707490714846637,15.412639924625429,15.687387466430664,55652525
2015-10-16 04:00:00,15.734293168850046,15.80800664430752,15.70078775882087,15.78120231628418,36542235
2015-10-19 04:00:00,15.680681513331852,15.801300966364254,15.673980432607829,15.76779556274414,32690313
2015-10-20 04:00:00,15.767808888570176,15.881728930548624,15.754406715795572,15.861625671386719,23941473
2015-10-21 04:00:00,15.881726210714485,15.935336466026161,15.720898591567549,15.74770450592041,29215200
2015-10-22 04:00:00,15.781206789206156,16.062653886616047,15.774505705301008,16.002344131469727,61204335
2015-10-23 04:00:00,16.129667117315613,16.18327579127634,16.05595519061961,16.17657470703125,45903498
2015-10-26 04:00:00,16.17657050390176,16.17657050390176,16.049248362933103,16.10955810546875,24485698
2015-10-27 04:00:00,16.029149238768003,16.049252491451256,15.96213839649049,16.0157470703125,28664204
2015-10-28 04:00:00,16.049253723141483,16.41781653074055,16.049253723141483,16.39101219177246,112058299
2015-10-29 04:00:00,16.38431472432283,16.451327159931832,16.29049951722221,16.370912551879883,48479611
2015-10-30 04:00:00,16.330704670129393,16.344106841452593,16.116268355564024,16.136371612548828,62867662
2015-11-02 05:00:00,16.176576833888845,16.424520130343833,16.16987574876271,16.357507705688477,73531446
2015-11-03 05:00:00,16.35080434770354,16.437920015627704,16.277090848168662,16.384309768676758,42479225
2015-11-04 05:00:00,16.38431375923457,16.424521847589297,16.290498557659966,16.337406158447266,40100564
2015-11-05 05:00:00,16.337398581380484,16.431213739444875,16.310594250504945,16.404409408569336,45236788
2015-11-06 05:00:00,16.712667638009524,16.732772465908404,16.511633519566264,16.571943283081055,85556100
2015-11-09 05:00:00,16.592047880820974,16.632254389273108,16.297197005384152,16.39101219177246,59169369
2015-11-10 05:00:00,16.35080548178064,16.47142657904419,16.324001143142944,16.464725494384766,41119339
2015-11-11 05:00:00,16.53843432366228,16.53843432366228,16.397709998814943,16.411113739013672,27576370
2015-11-12 05:00:00,16.37090887514185,16.377609959858326,16.15647259082063,16.16317367553711,66597469
2015-11-13 05:00:00,16.08276251300913,16.196682550861148,15.982246220840521,16.02915382385254,53877793
2015-11-16 05:00:00,15.982241528191299,16.223482131958008,15.948736107306171,16.223482131958008,53560564
2015-11-17 05:00:00,16.29049164934568,16.337399230240866,16.156468416251624,16.189973831176758,46013180
2015-11-18 05:00:00,16.28379162592598,16.498227868793446,16.230181385163895,16.478124618530273,83572836
2015-11-19 05:00:00,16.484825339046576,16.538434005234873,16.424515589584743,16.504928588867188,35613076
2015-11-20 05:00:00,16.551835808583586,16.598744963862597,16.484824977318638,16.5317325592041,44189330
2015-11-23 05:00:00,16.525035256319587,16.57864550698889,16.444622240406492,16.464725494384766,31828859
2015-11-24 05:00:00,16.364205584256265,16.47142449865893,16.27708992129278,16.417814254760742,35916887
2015-11-25 05:00:00,16.424519589440667,16.464726098873363,16.384311506614004,16.43121910095215,24226080
2015-11-27 05:00:00,16.458029558665977,16.49153499244537,16.37761494420104,16.471431732177734,23191055
2015-11-30 05:00:00,16.52503199731907,16.52503199731907,16.431215257195376,16.45802116394043,30361138
2015-12-01 05:00:00,16.518336860397525,16.645659063045102,16.484831431646626,16.638957977294922,38268343
2015-12-02 05:00:00,16.679159638855516,16.679159638855516,16.41111471344407,16.44462013244629,43846620
2015-12-03 05:00:00,16.538436403053797,16.538436403053797,16.122966033070522,16.17657470703125,59308595
2015-12-04 05:00:00,16.277084332834097,16.63224637316857,16.236877843759952,16.60544204711914,52547451
2015-12-07 05:00:00,16.58534424246151,16.5987479845473,16.370907969996445,16.451322555541992,31381144
2015-12-08 05:00:00,16.270391496983198,16.391011013670074,16.20337908098556,16.24358558654785,35697769
2015-12-09 05:00:00,16.169866640421358,16.350797410304303,15.962131545132515,16.05594825744629,66624798
2015-12-10 05:00:00,16.049251759220265,16.22348151458655,15.995643087844096,16.069355010986328,58161303
2015-12-11 05:00:00,15.828120060527107,15.92863635520039,15.627085897786248,15.714200019836426,89542078
2015-12-14 05:00:00,15.727599676807252,15.85492186975567,15.573473142900019,15.74770450592041,71948873
2015-12-15 05:00:00,15.908529475445047,16.203380352833143,15.89512730587231,16.11626625061035,93332943
2015-12-16 05:00:00,16.2636873501915,16.43121601475559,16.109560852921042,16.377607345581055,102205375
2015-12-17 05:00:00,16.43791720722696,16.43791720722696,16.12296315710069,16.14306640625,70913355
2015-12-18 05:00:00,16.028431747298825,16.04866253953926,15.711505889892578,15.711505889892578,113598773
2015-12-21 05:00:00,15.839620135519235,15.92053853389267,15.724987980763089,15.866592407226562,50728156
2015-12-22 05:00:00,15.961003649246397,16.048665152387404,15.819397580019917,16.014949798583984,57087748
2015-12-23 05:00:00,16.116096731862665,16.23073052424801,16.068895233984314,16.203758239746094,40627924
2015-12-24 05:00:00,16.22399055433282,16.277935133648135,16.14981517452175,16.190275192260742,13844688
2015-12-28 05:00:00,16.1228437478753,16.18353140285348,16.041925291318478,16.176788330078125,16747016
2015-12-29 05:00:00,16.31164635607908,16.36559092170411,16.25770179045405,16.345361709594727,38040239
2015-12-30 05:00:00,16.31164690793784,16.338619191662882,16.203757773037648,16.230730056762695,19339133
2015-12-31 05:00:00,16.068891525268555,16.257699056457206,16.035176177422695,16.068891525268555,59154720
2016-01-04 05:00:00,15.738485457545936,15.77220082147491,15.576650127434274,15.75871467590332,93387476
2016-01-05 05:00:00,15.785685426714414,15.86660229224826,15.677794689416846,15.819400787353516,52096536
2016-01-06 05:00:00,15.590131993004457,15.671048844219667,15.495727416667886,15.576645851135254,77248574
2016-01-07 05:00:00,15.2529776177466,15.39458371233076,15.077656163321544,15.138343811035156,92006910
2016-01-08 05:00:00,15.27320143863526,15.286687577807854,14.86861251370193,14.902329444885254,83028242
2016-01-11 05:00:00,14.983248326399154,15.010220608428336,14.774211557420946,14.922560691833496,70986600
2016-01-12 05:00:00,15.077659043175137,15.104631336199597,14.841648312705697,15.037199020385742,80633578
2016-01-13 05:00:00,15.097883895764213,15.165314608820513,14.578662655473973,14.646093368530273,125524947
2016-01-14 05:00:00,14.679808258687368,14.89558811686454,14.538202182515656,14.774212837219238,95264013
2016-01-15 05:00:00,14.275218134491967,14.511228770861324,14.248247435473726,14.443798065185547,94362797
2016-01-19 05:00:00,14.598885430580884,14.652831566335799,14.335904153876074,14.437051773071289,83779398
2016-01-20 05:00:00,14.140354879300135,14.28870399569484,13.843656646510729,14.153841018676758,107682217
2016-01-21 05:00:00,14.167333475243536,14.34939802126207,14.045956583480324,14.093159675598145,91494814
2016-01-22 05:00:00,14.275220380785749,14.410084979863218,14.248249677523502,14.349395751953125,59334200
2016-01-25 05:00:00,14.288706277970594,14.342650844093422,14.025723351617568,14.059438705444336,78982191
2016-01-26 05:00:00,14.113388530263864,14.335911506722649,14.093159312699658,14.295453071594238,63973716
2016-01-27 05:00:00,14.248245507399147,14.490997598234767,14.14035480966562,14.241500854492188,77206350
2016-01-28 05:00:00,14.32916782813809,14.396598550500073,14.153846366744471,14.248250961303711,79906672
2016-01-29 05:00:00,14.349395064578065,14.652836439835903,14.302193565438657,14.646093368530273,100518905
2016-02-01 05:00:00,14.578665767587584,14.6595826405285,14.477518093158855,14.585407257080078,84561575
2016-02-02 05:00:00,14.37636985091781,14.396597482873897,14.147102245384222,14.180817604064941,86157444
2016-02-03 05:00:00,14.261731979251202,14.261731979251202,13.789712342632201,14.194299697875977,151930266
2016-02-04 05:00:00,14.106641819000652,14.41682624147958,14.106641819000652,14.315678596496582,97011048
2016-02-05 05:00:00,14.329160947511866,14.403336289744736,14.086407297070092,14.126867294311523,81506726
2016-02-08 05:00:00,13.924579617761822,13.971781121009473,13.580678201486078,13.769487380981445,132312804
2016-02-09 05:00:00,13.499762771625019,13.843662641149514,13.499762771625019,13.749258041381836,168924221
2016-02-10 05:00:00,13.857144790552336,14.012236999072002,13.668337228713634,13.675080299377441,80836939
2016-02-11 05:00:00,13.310952799774412,13.40535579958355,13.169346716808437,13.257006645202637,155436893
2016-02-12 05:00:00,13.573934789052295,13.816688537597656,13.513247143542126,13.816688537597656,119640644
2016-02-16 05:00:00,14.052695507253146,14.099898585434714,13.911091022464749,14.039209365844727,97496185
2016-02-17 05:00:00,14.174075138160603,14.295452017851462,14.174075138160603,14.228019714355469,79846353
2016-02-18 05:00:00,14.281964412220733,14.281964412220733,14.079670688939832,14.147101402282715,79491948
2016-02-19 05:00:00,14.032467606347563,14.20778904429131,14.012238392344697,14.147101402282715,91481888
2016-02-22 05:00:00,14.315679567961261,14.430311779035218,14.315679567961261,14.369624137878418,52408225
2016-02-23 05:00:00,14.29545452876068,14.315683748386892,14.08641609278443,14.11338996887207,71553352
2016-02-24 05:00:00,13.91109159460193,14.120128378281814,13.789714733682054,14.079669952392578,89023089
2016-02-25 05:00:00,14.079671787026266,14.288708597944426,14.079671787026266,14.27522087097168,87713797
2016-02-26 05:00:00,14.369627681186318,14.504490722486386,14.295453879260219,14.376372337341309,100096303
2016-02-29 05:00:00,14.362882702776103,14.437058078114053,14.214533535352608,14.221278190612793,70846020
2016-03-01 05:00:00,14.32241939524077,14.727006744486776,14.32241939524077,14.70003604888916,100224943
2016-03-02 05:00:00,14.713521638343932,14.86861383587195,14.693292427786188,14.861870765686035,89863616
2016-03-03 05:00:00,14.848392211770786,14.969769120384068,14.78770454909054,14.96302604675293,76643660
2016-03-04 05:00:00,15.037193531420982,15.097882751825585,14.909073603069178,15.023707389831543,70707286
2016-03-07 05:00:00,14.922560969879132,15.037193170639043,14.875357892196496,15.016963958740234,48251261
2016-03-08 05:00:00,14.882101974681728,14.942791197756572,14.75398204069283,14.774212837219238,94684581
2016-03-09 05:00:00,14.82815944425909,14.86861787636902,14.740497924768496,14.79444408416748,59913509
2016-03-10 05:00:00,14.888842188475595,14.95627287927866,14.605630120599269,14.780951499938965,94740222
2016-03-11 05:00:00,14.929306533240755,15.185544843328215,14.929306533240755,15.165315628051758,79284278
2016-03-14 04:00:00,15.118108749389648,15.158567165554608,15.023704195086287,15.118108749389648,55347853
2016-03-15 04:00:00,15.016963609404211,15.111368179321289,14.963019045595622,15.111368179321289,75699114
2016-03-16 04:00:00,15.03044795292501,15.1720539992405,14.963017256228044,15.077651023864746,72379969
2016-03-17 04:00:00,15.077651563090658,15.306917523311503,14.96976086126513,15.259716033935547,65859485
2016-03-18 04:00:00,15.354541745203193,15.4561367535331,15.313903741871231,15.395179748535156,65031268
2016-03-21 04:00:00,15.347773528926353,15.469689167205882,15.307135512926521,15.36809253692627,47484348
2016-03-22 04:00:00,15.25971630830844,15.381631893892681,15.225851309612636,15.320674896240234,43482367
2016-03-23 04:00:00,15.293586496281018,15.320678501613147,15.198762887338843,15.205535888671875,55912266
2016-03-24 04:00:00,15.070072458004777,15.1107120513916,14.968477450236543,15.110712051391602,48500785
2016-03-28 04:00:00,15.131028472105742,15.205533063204498,15.08361747158435,15.158122062683105,36121356
2016-03-29 04:00:00,15.097168192256111,15.191991813227396,15.00911916375699,15.185218811035156,44438115
2016-03-30 04:00:00,15.266489977563905,15.388405568494788,15.252943977491519,15.273262977600098,37636102
2016-03-31 04:00:00,15.232625955827583,15.334222553175792,15.205533953942599,15.239398956298828,39946073
2016-04-01 04:00:00,15.164894274526132,15.395177855368496,15.103935686744812,15.374858856201172,45753316
2016-04-04 04:00:00,15.361312590631503,15.395177588657022,15.26648900588073,15.30035400390625,38544826
2016-04-05 04:00:00,15.158122758581708,15.18521476012342,15.056526162520786,15.0836181640625,61644172
2016-04-06 04:00:00,15.056522625665497,15.178438194244103,15.009111634104588,15.164892196655273,38129610
2016-04-07 04:00:00,15.056526005322407,15.070072005951836,14.79915040308378,14.880426406860352,51315220
2016-04-08 04:00:00,14.982023915870595,15.083618926789327,14.907519317583944,14.934611320495605,55956828
2016-04-11 04:00:00,15.002343183648115,15.124258789188506,14.98202418110465,14.995570182800293,45423161
2016-04-12 04:00:00,15.01589216594923,15.212310819804117,14.98202715498803,15.185218811035156,48225902
2016-04-13 04:00:00,15.3409912372989,15.544182784545734,15.327445240167716,15.53063678741455,69649488
2016-04-14 04:00:00,15.456141665528424,15.64578892190697,15.456141665528424,15.5645112991333,52055051
2016-04-15 04:00:00,15.605146170215448,15.625465172172971,15.48323056819075,15.510322570800781,53901797
2016-04-18 04:00:00,15.435821666034881,15.639013303565067,15.422274072605076,15.625467300415039,52434076
2016-04-19 04:00:00,15.672872768346258,15.821880340576172,15.672872768346258,15.821880340576172,57169363
2016-04-20 04:00:00,15.81510852717132,15.97088751998149,15.808335527483923,15.94379711151123,74743119
2016-04-21 04:00:00,15.937021981352284,16.004753566209814,15.760923995448836,15.801560401916504,63436754
2016-04-22 04:00:00,15.815112304819511,15.984438927729709,15.815112304819511,15.950573921203613,46728145
2016-04-25 04:00:00,15.882841397709939,15.93025399437937,15.801563796476355,15.916707992553711,38189682
2016-04-26 04:00:00,15.93025580296597,16.038623829874442,15.909935207640828,16.0183048248291,41664795
2016-04-27 04:00:00,16.004758794786635,16.099580818173486,15.95057478142272,16.04539680480957,56916147
2016-04-28 04:00:00,15.909929296363588,16.038617870783423,15.821880307214741,15.87606430053711,74850832
2016-04-29 04:00:00,15.788018226623535,15.848975230366822,15.645783627609692,15.788018226623535,60318138
2016-05-02 04:00:00,15.801562838766339,15.950572030376613,15.767697836254698,15.930253028869629,43564598
2016-05-03 04:00:00,15.747381229939322,15.760928823284106,15.591602194691632,15.727062225341797,44142060
2016-05-04 04:00:00,15.544187810999746,15.686422417150018,15.530641809488253,15.605146408081055,46466680
2016-05-05 04:00:00,15.639005362786328,15.699962346010254,15.557727794875456,15.598365783691406,47043157
2016-05-06 04:00:00,15.483229810415617,15.672875409683819,15.483229810415617,15.666102409362793,38964104
2016-05-09 04:00:00,15.639013303565067,15.713516320890216,15.56450869596014,15.625467300415039,31989258
2016-05-10 04:00:00,15.699970416732928,15.85575104422026,15.693197415115208,15.848978042602539,37549070
2016-05-11 04:00:00,15.801562405048669,15.842201997226697,15.666102398720179,15.679648399353027,31961192
2016-05-12 04:00:00,15.73383143999031,15.801561439013854,15.591598442040867,15.686420440673828,35254978
2016-05-13 04:00:00,15.652553333167196,15.760922907289668,15.469680770152456,15.496772766113281,45538875
2016-05-16 04:00:00,15.496770821024992,15.645778370385914,15.483224824744815,15.578046798706055,33796243
2016-05-17 04:00:00,15.53741172065511,15.60514330502385,15.42226914042374,15.49000072479248,45457629
2016-05-18 04:00:00,15.442593259054942,15.77447511097545,15.442593259054942,15.760929107666016,96899150
2016-05-19 04:00:00,15.686424009230757,15.760928615385343,15.517097382871833,15.611919403076172,66203303
2016-05-20 04:00:00,15.693192464051506,15.808335045506054,15.666100466127915,15.720284461975098,35765351
2016-05-23 04:00:00,15.686421378411758,15.760925972070945,15.639010376261037,15.706740379333496,38575724
2016-05-24 04:00:00,15.81510852717132,15.977662109948223,15.794789528109124,15.94379711151123,47386483
2016-05-25 04:00:00,16.0115298348017,16.19440244778004,16.004756833961007,16.11312484741211,51504178
2016-05-26 04:00:00,16.119901440335596,16.140220445380937,15.997985819783764,16.0183048248291,36198417
2016-05-27 04:00:00,16.045400520580582,16.133451152967382,16.025081510863664,16.126676559448242,37026264
2016-05-31 04:00:00,16.207944948884627,16.207944948884627,16.031845374780804,16.086030960083008,40884834
2016-06-01 04:00:00,15.970888658107018,16.140216842917404,15.903158656406424,16.119897842407227,38452378
2016-06-02 04:00:00,16.079258225352046,16.153762817382812,16.02507422407836,16.153762817382812,28227076
2016-06-03 04:00:00,15.957345995482495,15.970891998655961,15.754154357600713,15.923480987548828,86083215
2016-06-06 04:00:00,15.93025580296597,16.092807843328675,15.91670979960241,16.0183048248291,46925474
2016-06-07 04:00:00,16.031847992216186,16.079258995601805,15.970889397583726,15.984436988830566,26503799
2016-06-08 04:00:00,15.957340531912097,16.03861811340437,15.957340531912097,15.997980117797852,30469958
2016-06-09 04:00:00,15.903155338128423,15.930248923434888,15.801558766496747,15.88283634185791,39571234
2016-06-10 04:00:00,15.699966440478537,15.760925029879113,15.639009441357347,15.686420440673828,47349676
2016-06-13 04:00:00,15.598365793126321,15.781239923466657,15.571273800565967,15.578046798706055,56062079
2016-06-14 04:00:00,15.517096352357333,15.598372364277672,15.266492135043672,15.347769737243652,66888232
2016-06-15 04:00:00,15.388411544926184,15.544192196538907,15.354546531592991,15.36809253692627,58034633
2016-06-16 04:00:00,15.246171191421741,15.422270785113566,15.158122189715547,15.408724784851074,71488109
2016-06-17 04:00:00,15.429836185490158,15.470691487961162,15.327696330529585,15.395790100097656,46524537
2016-06-20 04:00:00,15.640919890761001,15.722632075558872,15.477497119947953,15.484306335449219,70566829
2016-06-21 04:00:00,15.545591429867258,15.60687437157096,15.477497673635947,15.57282829284668,40308110
2016-06-22 04:00:00,15.572830164083138,15.688588444437991,15.525164049358818,15.559211730957031,54005201
2016-06-23 04:00:00,15.743061451441353,15.886054992675781,15.736252235192094,15.886054992675781,73745517
2016-06-24 04:00:00,15.055319081057126,15.382164581837314,14.980417719903643,15.034893035888672,165914672
2016-06-27 04:00:00,14.810192243698767,14.830619896599748,14.517394286668178,14.605914115905762,140642119
2016-06-28 04:00:00,14.871472955497653,14.980422019958496,14.742096241222207,14.980422019958496,109722231
2016-06-29 04:00:00,15.109800231166444,15.320887565612793,15.075754144769148,15.320887565612793,100009025
2016-06-30 04:00:00,15.368554253756704,15.566024780273438,15.293652853120475,15.566024780273438,72707045
2016-07-01 04:00:00,15.504733981953013,15.59325538225215,15.45706947344416,15.484306335449219,45095346
2016-07-05 04:00:00,15.33450199071305,15.375358882490211,15.177888435451575,15.252791404724121,59557011
2016-07-06 04:00:00,15.123413881843327,15.314073504141295,15.089367806215582,15.293645858764648,58561132
2016-07-07 04:00:00,15.341314244710174,15.443454096208834,15.239175991994529,15.314077377319336,65731461
2016-07-08 04:00:00,15.525166072452098,15.62730593299075,15.504738420100997,15.606878280639648,55327418
2016-07-11 04:00:00,15.688590711924457,15.743064452302026,15.64092459031091,15.695398330688477,42557517
2016-07-12 04:00:00,15.811153939188662,15.913293783811552,15.790726290020665,15.892866134643555,55059306
2016-07-13 04:00:00,15.879247701864891,15.926912216590217,15.80434472279933,15.892866134643555,57377156
2016-07-14 04:00:00,16.20609176448141,16.20609176448141,16.001813693198798,16.042667388916016,67039521
2016-07-15 04:00:00,16.103954081717195,16.117572515037267,15.913294416453205,16.01543426513672,62710956
2016-07-18 04:00:00,16.02224202626046,16.090335792252585,16.008623592818633,16.069908142089844,38953149
2016-07-19 04:00:00,15.995001381875538,16.083522777124518,15.974573736537142,16.07671356201172,30777585
2016-07-20 04:00:00,16.13800231036036,16.13800231036036,16.035864046881823,16.10395622253418,31817657
2016-07-21 04:00:00,16.083520396086424,16.11075725250542,16.00180982682945,16.022235870361328,36524509
2016-07-22 04:00:00,16.042669818883404,16.13119123582435,16.015434550540878,16.12438201904297,23484772
2016-07-25 04:00:00,16.097143154535104,16.131189234217466,16.042667828260527,16.090333938598633,37096308
2016-07-26 04:00:00,16.049482482012294,16.12438387522989,16.035864046881823,16.10395622253418,34484126
2016-07-27 04:00:00,16.076719335240973,16.144811510821192,16.042671648667685,16.09714698791504,50709937
2016-07-28 04:00:00,16.0562882702011,16.165237337606662,16.001816134672815,16.13119125366211,33001387
2016-07-29 04:00:00,16.069910134708,16.178857615751774,16.069910134708,16.10395622253418,54440606
2016-08-01 04:00:00,16.11757264117732,16.18566480831059,16.029052823904067,16.063098907470703,39409726
2016-08-02 04:00:00,16.015435638039722,16.076718593233455,15.886057312842299,15.92691421508789,39709475
2016-08-03 04:00:00,15.926911157340495,16.097143154535104,15.926911157340495,16.090333938598633,33511513
2016-08-04 04:00:00,16.076717305024957,16.10395417181749,16.015434354741757,16.049480438232422,31363295
2016-08-05 04:00:00,16.219711668728333,16.35589599609375,16.172047154150437,16.35589599609375,51542339
2016-08-08 04:00:00,16.40356056285625,16.423988210035056,16.328657591084543,16.376323699951172,45019886
2016-08-09 04:00:00,16.369507208267148,16.417173300602506,16.349081166955127,16.389936447143555,32239890
2016-08-10 04:00:00,16.376326907577273,16.403563775817222,16.23333175053446,16.260568618774414,33545242
2016-08-11 04:00:00,16.29461669921875,16.33547200658108,16.233333738175254,16.29461669921875,25139605
2016-08-12 04:00:00,16.185667497499637,16.27418892826338,16.178858279654985,16.246952056884766,28861534
2016-08-15 04:00:00,16.308231481515854,16.369514428830293,16.29461304877931,16.35589599609375,26275941
2016-08-16 04:00:00,16.32865932984732,16.355896195652722,16.274185598236517,16.31504249572754,27637427
2016-08-17 04:00:00,16.31503853104404,16.376321464213955,16.274181643481562,16.369510650634766,25676567
2016-08-18 04:00:00,16.34227756335721,16.389943676718005,16.308231481515854,16.35589599609375,26595016
2016-08-19 04:00:00,16.308227965940997,16.362703283926784,16.24694503183736,16.349084854125977,31510153
2016-08-22 04:00:00,16.321846395741805,16.362703283926784,16.28099110633938,16.349084854125977,32517481
2016-08-23 04:00:00,16.410367538197242,16.451222826977183,16.369510650634766,16.369510650634766,29855443
2016-08-24 04:00:00,16.37632557107007,16.41718087009571,16.321850240252953,16.362707138061523,24299201
2016-08-25 04:00:00,16.34227607902739,16.423988266807818,16.321848431777973,16.396751403808594,27249662
2016-08-26 04:00:00,16.444415970759156,16.539744991585145,16.315040871066742,16.417179107666016,64953346
2016-08-29 04:00:00,16.45803510229041,16.621457886582622,16.437607454101737,16.5601749420166,40451522
2016-08-30 04:00:00,16.587414411171974,16.70998191833496,16.56698675977532,16.70998191833496,39359132
2016-08-31 04:00:00,16.71678735728272,16.737215004062488,16.587410662228123,16.723596572875977,56386078
2016-09-01 04:00:00,16.76445328417301,16.778071716511207,16.526127520688835,16.65550422668457,62960480
2016-09-02 04:00:00,16.675930181548754,16.778068403919498,16.655500938292068,16.730403900146484,66918391
2016-09-06 04:00:00,16.723598425409804,16.75083529079996,16.573794066981062,16.703170776367188,60299920
2016-09-07 04:00:00,16.641882102434057,16.71678506246018,16.6078360291415,16.69635581970215,38671003
2016-09-08 04:00:00,16.696361506465212,16.74402762409232,16.648696987621147,16.682743072509766,72066064
2016-09-09 04:00:00,16.587408721692864,16.648691654862777,16.369510650634766,16.369510650634766,66476831
2016-09-12 04:00:00,16.29461417726598,16.614650566304693,16.21971279202769,16.553367614746094,87153077
2016-09-13 04:00:00,16.362708473457296,16.403563775817222,16.19928406645146,16.260568618774414,83230864
2016-09-14 04:00:00,16.26057042530711,16.369517910370874,16.172050593692806,16.219715118408203,82876829
2016-09-15 04:00:00,16.18566418558604,16.362707010886993,16.15161810332929,16.31504249572754,68626527
2016-09-16 04:00:00,16.24935833412228,16.256198495821785,16.112521365187252,16.16041374206543,75235766
2016-09-19 04:00:00,16.153976654304415,16.381379210194307,16.153976654304415,16.263465881347656,50396100
2016-09-20 04:00:00,16.381377648593986,16.406643525888718,16.246620948266788,16.271886825561523,39903200
2016-09-21 04:00:00,16.347687838284664,16.389798705159667,16.21293113657273,16.372955322265625,64029700
2016-09-22 04:00:00,16.45718170582284,16.47402509183168,16.372958350071045,16.406646728515625,38355700
2016-09-23 04:00:00,16.347689514159136,16.431912862969853,16.29715614744341,16.32242202758789,59009500
2016-09-26 04:00:00,16.22134536266815,16.229767853035245,16.01921041313523,16.061321258544922,54189000
2016-09-27 04:00:00,16.00237019335971,16.204505203030994,15.95183684254845,16.187660217285156,47620000
2016-09-28 04:00:00,16.255043385970986,16.28873336747767,16.10344328847113,16.263465881347656,42936400
2016-09-29 04:00:00,16.25503292435982,16.33925621749434,15.951831318071536,16.036054611206055,62580800
2016-09-30 04:00:00,16.120282536491874,16.339262540816982,16.095016663271576,16.25503921508789,47336900
2016-10-03 04:00:00,16.20450102312648,16.263456851603166,16.137122703949426,16.17923355102539,33170500
2016-10-04 04:00:00,16.22135079131671,16.36452996262219,16.162394945442625,16.246618270874023,68471600
2016-10-05 04:00:00,16.313995089880528,16.541395959003058,16.288727612677505,16.507707595825195,58651900
2016-10-06 04:00:00,16.54981541017334,16.55823790102661,16.38979129681292,16.532970428466797,53337300
2016-10-07 04:00:00,16.465592048493335,16.55823784111826,16.41505870998241,16.52454948425293,55532800
2016-10-10 04:00:00,16.608779907226562,16.68458075803779,16.591936523155955,16.608779907226562,37997400
2016-10-11 04:00:00,16.558242916496585,16.60877627049683,16.347685400664812,16.457176208496094,78581200
2016-10-12 04:00:00,16.440324783325195,16.549813941851962,16.415057313007143,16.440324783325195,51378700
2016-10-13 04:00:00,16.305573340781617,16.31399583356657,16.09501584043651,16.280305862426758,73171100
2016-10-14 04:00:00,16.474021326386076,16.52455629214258,16.30557625981065,16.356109619140625,76176500
2016-10-17 04:00:00,16.36452918385005,16.398217548563622,16.238195004928233,16.280305862426758,41236100
2016-10-18 04:00:00,16.448748098099465,16.46559147273022,16.347679818185863,16.415058135986328,45958700
2016-10-19 04:00:00,16.465595080816247,16.60035174594624,16.448751702494622,16.55824089050293,49835900
2016-10-20 04:00:00,16.541395905755138,16.659309192563505,16.490862557937934,16.55824089050293,56238200
2016-10-21 04:00:00,16.423481976137467,16.566661114032627,16.398214502476225,16.549816131591797,39543100
2016-10-24 04:00:00,16.62562072036406,16.6845765658647,16.591932354260685,16.600353240966797,33808700
2016-10-25 04:00:00,16.634044709451917,16.6424672033418,16.54139888308964,16.583511352539062,36177800
2016-10-26 04:00:00,16.507708503676312,16.709843513138523,16.490863517947897,16.6845760345459,40419200
2016-10-27 04:00:00,16.777221735424778,16.802489213845405,16.650887556174126,16.726688385009766,45545800
2016-10-28 04:00:00,16.76037764246141,16.777222628972318,16.524554257014007,16.650888442993164,55749900
2016-10-31 04:00:00,16.735114526940762,16.735114526940762,16.62562370300293,16.62562370300293,38579100
2016-11-01 04:00:00,16.684575063259025,16.7266875251285,16.42348422537294,16.55824089050293,62758900
2016-11-02 04:00:00,16.52455610563491,16.53297699340609,16.37295442292954,16.448755264282227,66529900
2016-11-03 04:00:00,16.465593338012695,16.617194971844178,16.440327469991445,16.465593338012695,53462100
2016-11-04 04:00:00,16.474013963258507,16.549814771587254,16.33925732765758,16.415058135986328,64891400
2016-11-07 05:00:00,16.69300019527498,16.8361793754196,16.676155207863513,16.827756881713867,59001800
2016-11-08 05:00:00,16.77722008117033,16.920399231917095,16.667730898329197,16.8361759185791,63290400
2016-11-09 05:00:00,17.29940229926976,17.63629392595312,16.937243198175405,17.55207061767578,268936600
2016-11-10 05:00:00,17.821587872895265,18.276392874639697,17.75420953261013,18.200592041015625,241635500
2016-11-11 05:00:00,18.082682461801188,18.276396635607046,18.023726602722885,18.251129150390625,134954500
2016-11-14 05:00:00,18.427992891354553,18.806997058567774,18.402727017824567,18.697507858276367,261730900
2016-11-15 05:00:00,18.53748298707642,18.69750714114284,18.352192960449074,18.680662155151367,122754500
2016-11-16 05:00:00,18.512216688176604,18.554329155839802,18.36061501744186,18.411149978637695,117887700
2016-11-17 05:00:00,18.411144334513494,18.680657619230377,18.369031879760296,18.6638126373291,98536400
2016-11-18 05:00:00,18.646967655427822,18.73119095850832,18.579589334248602,18.6638126373291,92344300
2016-11-21 05:00:00,18.764885421709756,18.78172880122381,18.604861268129195,18.7311954498291,71943900
2016-11-22 05:00:00,18.815421048211054,18.82384354219964,18.630130999741535,18.739620208740234,98286500
2016-11-23 05:00:00,18.815419375776127,18.8743752220294,18.67224020354976,18.84910774230957,101948400
2016-11-25 05:00:00,18.891225102538147,18.908070093381955,18.798579259323937,18.874380111694336,33114800
2016-11-28 05:00:00,18.73961691913849,18.84910610891717,18.604860251829567,18.655393600463867,99791400
2016-11-29 05:00:00,18.689079705333814,18.764880515821662,18.62170138561416,18.705923080444336,74645700
2016-11-30 05:00:00,18.96701967586117,19.009130532603116,18.8912188485847,18.95859718322754,98843700
2016-12-01 05:00:00,19.05966303426616,19.32917796727658,19.034397163915223,19.287065505981445,120088300
2016-12-02 05:00:00,19.236531704650183,19.244954196710342,18.99228425418389,19.076507568359375,82108300
2016-12-05 05:00:00,19.24495917057156,19.371293371272817,19.19442581157636,19.30391502380371,95145700
2016-12-06 05:00:00,19.430244335675766,19.489200174074085,19.23653183624526,19.47235679626465,79142600
2016-12-07 05:00:00,19.522893899919595,19.79240727385449,19.45551555643587,19.775562286376953,120172500
2016-12-08 05:00:00,19.885050840695875,20.07876335541309,19.76713754816807,19.960851669311523,116856500
2016-12-09 05:00:00,19.960851255813186,20.002962112426758,19.817672094330344,20.002962112426758,95677300
2016-12-12 05:00:00,19.94401038933109,20.028233726377813,19.758718726542995,19.809253692626953,85143200
2016-12-13 05:00:00,19.859783172607422,19.977694857582456,19.691336531420607,19.859783172607422,113420700
2016-12-14 05:00:00,19.708172176177126,20.070331158585915,19.63237138421131,19.767127990722656,142995800
2016-12-15 05:00:00,19.868214286939484,20.104039365649914,19.792413426154948,19.935592651367188,110426000
2016-12-16 05:00:00,20.034571186414375,20.043031925216383,19.738451783227763,19.76383399963379,83096500
2016-12-19 05:00:00,19.78922249819758,19.823065466908925,19.61155175362773,19.772302627563477,73717600
2016-12-20 05:00:00,19.890744639239298,20.01765251159668,19.890744639239298,20.01765251159668,60793600
2016-12-21 05:00:00,20.017653162933456,20.026113903195398,19.899206026708672,19.966890335083008,37738000
2016-12-22 05:00:00,19.95843024754129,19.95843024754129,19.8484422342602,19.916128158569336,37796100
2016-12-23 05:00:00,19.916125087449174,19.949966430664062,19.85689991281136,19.949966430664062,18276700
2016-12-27 05:00:00,19.992269291675385,20.000730031238845,19.949967207579146,19.97534942626953,38241100
2016-12-28 05:00:00,20.00919695365661,20.026118438012283,19.755381143207806,19.772302627563477,30834400
2016-12-29 05:00:00,19.789216773526725,19.823059732447895,19.54386177623262,19.628467559814453,39251800
2016-12-30 05:00:00,19.70461169515376,19.738453038793523,19.603084436792415,19.67076873779297,44761200
2017-01-03 05:00:00,19.975349035875258,20.02611185854286,19.67922961182569,19.890743255615234,71259900
2017-01-04 05:00:00,19.949969234382248,20.076877113285146,19.890745665142312,20.051496505737305,45092200
2017-01-05 05:00:00,19.992271438216168,20.017653659631804,19.662310628419117,19.84844207763672,62201100
2017-01-06 05:00:00,19.924587285386725,20.000732336513245,19.814600885826888,19.916128158569336,38060800
2017-01-09 05:00:00,19.865359864620586,19.907663559113615,19.738452008583383,19.78075408935547,34022400
2017-01-10 05:00:00,19.814592622974907,19.992263259032473,19.72152612958061,19.82305335998535,46212100
2017-01-11 05:00:00,19.84843917357739,19.949966430664062,19.71307057327583,19.949966430664062,48001200
2017-01-12 05:00:00,19.85689912572198,19.882281342417798,19.61154415254618,19.78075408935547,57418100
2017-01-13 05:00:00,19.91612547380955,20.127639117599095,19.806137475355207,19.890743255615234,72479700
2017-01-17 05:00:00,19.74691870318221,19.755379444632588,19.40849711377423,19.41695785522461,96657800
2017-01-18 05:00:00,19.51847230417354,19.603078056316726,19.332340940434932,19.577695846557617,68289100
2017-01-19 05:00:00,19.620007082858383,19.670769908198917,19.42541329389761,19.493099212646484,56729700
2017-01-20 05:00:00,19.55231932012136,19.653844952848235,19.484635027063163,19.58616065979004,74805200
2017-01-23 05:00:00,19.501559213248306,19.62000796264914,19.391572817791673,19.459257125854492,46651200
2017-01-24 05:00:00,19.55232642845398,19.780759991997876,19.46772062794222,19.70461654663086,45229500
2017-01-25 05:00:00,19.916121685022723,20.043029524409654,19.8230551830693,20.034568786621094,92850100
2017-01-26 05:00:00,20.068411393835614,20.136095686705918,19.975346499714462,20.0853328704834,70704400
2017-01-27 05:00:00,20.08534230205744,20.093803044354285,19.949973652751098,20.009197235107422,43944500
2017-01-30 05:00:00,19.88228503952423,19.89074577999611,19.670771368890996,19.84844207763672,46168800
2017-01-31 05:00:00,19.74691313149606,19.89920320719063,19.611544533927766,19.72153091430664,56477300
2017-02-01 05:00:00,19.873823693026548,19.97535096187191,19.68769224948478,19.746915817260742,72132200
2017-02-02 05:00:00,19.63692578043218,19.763835256814115,19.543860875132058,19.67076873779297,39396500
2017-02-03 05:00:00,20.009191123842257,20.085336167535832,19.831520431037976,20.06841468811035,86346600
2017-02-06 05:00:00,19.949967207579146,20.119178771406236,19.933045728452225,19.97534942626953,34952100
2017-02-07 05:00:00,20.093796909236605,20.102257648950182,19.89920473698759,19.924585342407227,50838500
2017-02-08 05:00:00,19.92457984381069,19.92457984381069,19.69614638946935,19.78921127319336,54341100
2017-02-09 05:00:00,19.789214595538738,20.085333998623895,19.738451776465002,20.059951782226562,76813700
2017-02-10 05:00:00,20.178402335197486,20.186863074761185,20.043033729620433,20.119178771972656,55078700
2017-02-13 05:00:00,20.24608103968642,20.4406731546811,20.21223809078963,20.347606658935547,76687000
2017-02-14 05:00:00,20.33069315467415,20.609891115482462,20.296850195196235,20.584508895874023,75954300
2017-02-15 05:00:00,20.686032868011523,20.787558502843286,20.533742802043005,20.745256423950195,76869400
2017-02-16 05:00:00,20.71987646577024,20.75371942354853,20.56758638321003,20.694494247436523,64048200
2017-02-17 05:00:00,20.54220792821514,20.702957153320312,20.516825707225326,20.702957153320312,54156600
2017-02-21 05:00:00,20.812946061739847,20.855248151493193,20.736801009206793,20.804485321044922,55216100
2017-02-22 05:00:00,20.719876244886475,20.880627065177578,20.686034901189995,20.82140350341797,50438900
2017-02-23 05:00:00,20.829864242772345,20.8721663258232,20.70295476617772,20.82140350341797,53509400
2017-02-24 05:00:00,20.601432404145086,20.711418805835937,20.5675894413348,20.660655975341797,61686800
2017-02-27 05:00:00,20.686029553280562,20.81293738334498,20.677568816113517,20.770633697509766,39655000
2017-02-28 05:00:00,20.69449251114286,20.770637546034305,20.626808214986124,20.762178421020508,48913000
2017-03-01 05:00:00,21.159821851257913,21.39671767666486,21.13443963698263,21.354413986206055,92150000
2017-03-02 05:00:00,21.39671659814184,21.405175722086422,21.015991471807368,21.024452209472656,69446200
2017-03-03 05:00:00,21.041380017221368,21.17674863316386,21.032919277009814,21.12598419189453,57652800
2017-03-06 05:00:00,20.99907610325163,21.03291906375471,20.87216822880743,20.965234756469727,49017200
2017-03-07 05:00:00,20.999080033851993,20.999080033851993,20.855250652234318,20.90601348876953,53726500
2017-03-08 05:00:00,21.13444700587741,21.202131320490032,20.90601183891431,20.914472579956055,104601000
2017-03-09 05:00:00,20.999072768811587,21.100600020478158,20.897547130865938,20.990612030029297,60804100
2017-03-10 05:00:00,21.092137136422004,21.109058612265507,20.838319839931707,20.973690032958984,62148600
2017-03-13 04:00:00,20.999069996476788,21.049832808747816,20.897544371934735,21.024452209472656,49418400
2017-03-14 04:00:00,20.939852536092413,20.982154623000092,20.81294466164821,20.965234756469727,49511100
2017-03-15 04:00:00,20.99906932572283,21.08367508595253,20.838318542658467,20.931385040283203,86455100
2017-03-16 04:00:00,21.01599758350317,21.125983977695835,20.956774016343957,20.965234756469727,89233700
2017-03-17 04:00:00,21.014478296869562,21.02296918950799,20.75975799560547,20.75975799560547,83056800
2017-03-20 04:00:00,20.717301160832967,20.776735783026094,20.589941024780273,20.589941024780273,78676400
2017-03-21 04:00:00,20.683337133790097,20.700317295943524,19.961627609434924,20.012571334838867,192257000
2017-03-22 04:00:00,19.868234196293038,20.06351987341642,19.72389225679484,19.970123291015625,133199500
2017-03-23 04:00:00,19.944645827809666,20.241820528364364,19.90219299321835,20.012571334838867,85238900
2017-03-24 04:00:00,20.046539044403254,20.148426516284978,19.851251754264315,19.987104415893555,97583400
2017-03-27 04:00:00,19.562571769348555,19.919179581696795,19.51162640803679,19.910690307617188,103963000
2017-03-28 04:00:00,19.842760730240155,20.258804712568445,19.842760730240155,20.182388305664062,82301100
2017-03-29 04:00:00,20.14842165749834,20.182385219583384,20.038043319665483,20.055025100708008,76524100
2017-03-30 04:00:00,20.072004440716025,20.369179118909496,20.046533389666564,20.318235397338867,92566000
2017-03-31 04:00:00,20.241820420178847,20.301255036077762,20.148422241210938,20.148422241210938,70540000
2017-04-03 04:00:00,20.182386783832715,20.23333051143694,19.86823028808422,20.10597038269043,93489100
2017-04-04 04:00:00,20.021068827928993,20.122957931808326,19.987106872950793,20.080503463745117,105795900
2017-04-05 04:00:00,20.26729295357553,20.3437077310134,19.927663803100586,19.927663803100586,104651200
2017-04-06 04:00:00,19.910683200790107,20.139930766977077,19.808794134006742,20.055025100708008,80802100
2017-04-07 04:00:00,19.90219776769131,20.105974337664257,19.868234196293038,19.970123291015625,61525700
2017-04-10 04:00:00,19.97011954186897,20.097479671757725,19.851248683763806,19.919174194335938,60429000
2017-04-11 04:00:00,19.817286467363473,19.893702868146697,19.65596277465757,19.859739303588867,83801200
2017-04-12 04:00:00,19.83427636786046,19.85125653761751,19.647479925279942,19.69842529296875,74023000
2017-04-13 04:00:00,19.62200439039876,19.84276274167024,19.44369888305664,19.44369888305664,120159300
2017-04-17 04:00:00,19.49463946148955,19.791814179268634,19.43520484182812,19.783323287963867,86681200
2017-04-18 04:00:00,19.647474648841673,19.740872845049328,19.47766166056753,19.59653091430664,74890400
2017-04-19 04:00:00,19.723890793979823,19.80030720448631,19.51162334690004,19.53709602355957,55583800
2017-04-20 04:00:00,19.68143795659031,19.910687188159137,19.60502154606737,19.86823272705078,85720400
2017-04-21 04:00:00,19.81728822897049,19.893704636546552,19.655964521924126,19.66445541381836,94675300
2017-04-24 04:00:00,20.114461273869786,20.21634872907823,20.029553981548144,20.10597038269043,98770600
2017-04-25 04:00:00,20.28427505493164,20.386164133710253,20.258803999840964,20.28427505493164,71026100
2017-04-26 04:00:00,20.258810665133797,20.454096375948563,20.22484708787601,20.267301559448242,71691200
2017-04-27 04:00:00,20.309745895323633,20.309745895323633,20.055025650588806,20.17389488220215,68871800
2017-04-28 04:00:00,20.182389456655898,20.199371241263563,19.978612899780273,19.978612899780273,64091900
2017-05-01 04:00:00,20.080497709152368,20.207857837898874,19.99559041683073,20.10597038269043,69086600
2017-05-02 04:00:00,20.105976144583042,20.1314472059486,19.97012508572551,20.080503463745117,76511500
2017-05-03 04:00:00,20.01257774416244,20.2418270111084,19.995595957098512,20.2418270111084,78115400
2017-05-04 04:00:00,20.3691836393336,20.43710915632602,20.190879764530514,20.275785446166992,64482800
2017-05-05 04:00:00,20.335225220487644,20.343714494547257,20.173901482325043,20.2418270111084,46881500
2017-05-08 04:00:00,20.267298443927903,20.301260396492506,20.190882026317237,20.224843978881836,45893000
2017-05-09 04:00:00,20.275782363776017,20.34370787044218,20.080496734544774,20.148422241210938,65737900
2017-05-10 04:00:00,20.114466886478727,20.216354370117188,20.08050331228434,20.216354370117188,51192700
2017-05-11 04:00:00,20.139934899269516,20.173898468323173,19.927667451100465,20.088991165161133,77266700
2017-05-12 04:00:00,19.9955946477955,20.012576433747466,19.89370717102819,20.004085540771484,55787200
2017-05-15 04:00:00,20.046539206677423,20.199372035209336,20.038048314039855,20.156917572021484,52192100
2017-05-16 04:00:00,20.199374202492347,20.23333615721438,20.097485099381533,20.216354370117188,51529600
2017-05-17 04:00:00,19.79181724652846,19.944650074755828,19.503133375315027,19.57954978942871,141192800
2017-05-18 04:00:00,19.5540745396922,19.774832842093836,19.52860186729022,19.655961990356445,101656900
2017-05-19 04:00:00,19.689933613749226,19.936163069876486,19.68144271947277,19.82578468322754,69775600
2017-05-22 04:00:00,19.936162697213028,19.936162697213028,19.740876990922455,19.876728057861328,79181900
2017-05-23 04:00:00,19.89370713334876,20.088992813009764,19.800308930262087,20.029558181762695,65577800
2017-05-24 04:00:00,20.055030236431907,20.072010402350962,19.936159358165373,20.021066665649414,59441200
2017-05-25 04:00:00,20.063514371757496,20.14842165749834,20.00407975758044,20.055025100708008,49362400
2017-05-26 04:00:00,20.00408674655033,20.105975848931415,20.00408674655033,20.046541213989258,42601700
2017-05-30 04:00:00,19.987106730112483,20.012577791296014,19.868235839857384,19.910690307617188,46584200
2017-05-31 04:00:00,19.910687948768317,19.919177221842187,19.61351318754583,19.740873336791992,115877900
2017-06-01 04:00:00,19.851251754264315,20.004084581559063,19.71540071210724,19.987104415893555,81187600
2017-06-02 04:00:00,19.842764778673853,20.012577791296014,19.80031031091405,19.910690307617188,83704500
2017-06-05 04:00:00,19.91917416160249,20.072006965006608,19.91917416160249,19.94464683532715,44055800
2017-06-06 04:00:00,19.791813793945103,19.910684650425612,19.74936095771971,19.859739303588867,60397300
2017-06-07 04:00:00,19.893702102405722,20.063515060242814,19.859738539155206,20.012571334838867,83049100
2017-06-08 04:00:00,20.01257774416244,20.386168962207073,19.995595957098512,20.2418270111084,77987000
2017-06-09 04:00:00,20.369185166806318,20.65786904054036,20.352203381416743,20.6239070892334,133216200
2017-06-12 04:00:00,20.666358947753906,20.810700877737943,20.547489694639566,20.666358947753906,86644400
2017-06-13 04:00:00,20.77674102783203,20.84466655883848,20.71730639063544,20.77674102783203,94978600
2017-06-14 04:00:00,20.598430140597017,20.836170228345257,20.48805017792139,20.810697555541992,117605800
2017-06-15 04:00:00,20.65786831878807,20.836173820204536,20.640886533991807,20.725793838500977,59547700
2017-06-16 04:00:00,20.719822964698285,20.770963148142975,20.64311431519669,20.702777862548828,53818800
2017-06-19 04:00:00,20.83915246541858,20.958476331877165,20.81358236874927,20.915861129760742,58041300
2017-06-20 04:00:00,20.847676044735888,20.864722777352824,20.72835216774915,20.736875534057617,45689600
2017-06-21 04:00:00,20.77097144353747,20.77097144353747,20.55789213774916,20.56641387939453,51938200
2017-06-22 04:00:00,20.48970449859962,20.54936643733998,20.412995827171756,20.43856430053711,58380200
2017-06-23 04:00:00,20.523795253865458,20.53231861975885,20.293669251741342,20.361854553222656,85352600
2017-06-26 04:00:00,20.404474751956922,20.557892112039216,20.336289439216582,20.472660064697266,60302300
2017-06-27 04:00:00,20.549367438474928,20.728353263415933,20.498227237920936,20.574935913085938,75943400
2017-06-28 04:00:00,20.71130813780332,20.932910813743263,20.69426302862803,20.898818969726562,90097600
2017-06-29 04:00:00,21.32497336784304,21.32497336784304,20.89029146938111,21.04370880126953,119176700
2017-06-30 04:00:00,21.197130741653478,21.205652483574855,20.98405142896389,21.02666664123535,72754900
2017-07-03 04:00:00,21.145979632795598,21.469860931456484,21.120411168882843,21.3334903717041,61454400
2017-07-05 04:00:00,21.393160049415926,21.418728522604436,21.2397427076213,21.367589950561523,78100200
2017-07-06 04:00:00,21.35906575810161,21.452821157942036,21.20564842224121,21.20564842224121,97648100
2017-07-07 04:00:00,21.316450230843635,21.393158897610963,21.20564810077269,21.350542068481445,59432400
2017-07-10 04:00:00,21.31645450722005,21.376116454304587,21.248269192599707,21.32497787475586,55022500
2017-07-11 04:00:00,21.30793052513155,21.31645389242153,21.077804485300266,21.137466430664062,49857200
2017-07-12 04:00:00,21.137463120266126,21.22269515415144,21.07780118424616,21.20564842224121,47818600
2017-07-13 04:00:00,21.205641549479104,21.3334903717041,21.188596448759032,21.3334903717041,48875900
2017-07-14 04:00:00,21.069276316087276,21.27383220742804,20.958475817902336,21.2397403717041,61742300
2017-07-17 04:00:00,21.180085563038137,21.22270077844146,21.086330138351308,21.17156219482422,43257000
2017-07-18 04:00:00,21.026665907226455,21.171559899823993,21.001095805356506,21.137466430664062,63210700
2017-07-19 04:00:00,21.180078110517588,21.239740041355823,21.069275988390274,21.145984649658203,48259400
2017-07-20 04:00:00,21.16303653253401,21.25679194705774,21.094851219880233,21.137466430664062,40163500
2017-07-21 04:00:00,21.077804485300266,21.20565174331784,21.077804485300266,21.137466430664062,39108400
2017-07-24 04:00:00,21.128939300599825,21.25678652601296,21.128939300599825,21.231216430664062,26364800
2017-07-25 04:00:00,21.4698710534519,21.580671575863256,21.43577758460775,21.495439529418945,75786800
2017-07-26 04:00:00,21.52100613366791,21.555099596971523,21.29940349919183,21.350542068481445,56086500
2017-07-27 04:00:00,21.393157116542394,21.401680481658694,21.13746104005045,21.231216430664062,67826200
2017-07-28 04:00:00,21.19712459586454,21.29087836081248,21.111892570367225,21.231216430664062,43735800
2017-07-31 04:00:00,21.30792725711409,21.461344593471846,21.28235715916585,21.38463592529297,43039300
2017-08-01 04:00:00,21.529530146491197,21.555100244737332,21.427251379172514,21.538053512573242,60987500
2017-08-02 04:00:00,21.563624002505332,21.589194103143637,21.461346851284123,21.572147369384766,43341500
2017-08-03 04:00:00,21.538056365474137,21.572148208652216,21.461347686240863,21.495439529418945,40816800
2017-08-04 04:00:00,21.691467642541898,21.725559476162026,21.597712255171718,21.64032745361328,50792900
2017-08-07 04:00:00,21.640331158304097,21.64885452458468,21.572145853725324,21.606239318847656,39486800
2017-08-08 04:00:00,21.572142107651825,21.81079144506824,21.538050274115545,21.546573638916016,52736500
2017-08-09 04:00:00,21.3675862294373,21.56361874285135,21.3675862294373,21.546573638916016,46567000
2017-08-10 04:00:00,21.410207189047835,21.46134576206302,21.163034439086914,21.163034439086914,71130300
2017-08-11 04:00:00,21.163030867803386,21.273831361582907,21.02666027899829,21.07779884338379,50477800
2017-08-14 04:00:00,21.248266073906102,21.427251888889234,21.2397427076213,21.367589950561523,49472900
2017-08-15 04:00:00,21.54657662763347,21.572145099915872,21.38463592529297,21.38463592529297,48535000
2017-08-16 04:00:00,21.4783983129419,21.512490162298047,21.307934189162054,21.34202766418457,35084100
2017-08-17 04:00:00,21.290875519182876,21.32496897509772,20.96699581631914,20.97551918029785,76613100
2017-08-18 04:00:00,20.873248601342063,21.13746648535077,20.86472523403003,20.984050750732422,71725900
2017-08-21 04:00:00,20.967001903066052,20.99257037675929,20.839154657602087,20.92438507080078,45047200
2017-08-22 04:00:00,21.009614629433223,21.171555321591946,20.9840461587584,21.154508590698242,42644000
2017-08-23 04:00:00,21.001090757675883,21.20564664647154,20.98404565285885,21.086322784423828,36612700
2017-08-24 04:00:00,21.18007817641314,21.18007817641314,21.043707583882703,21.086322784423828,31067200
2017-08-25 04:00:00,21.1289395448942,21.239740041355823,21.120416179679353,21.145984649658203,37177300
2017-08-28 04:00:00,21.163030352193708,21.171553716994573,20.9584744739698,21.009613037109375,36486900
2017-08-29 04:00:00,20.770972383286203,20.97552833101785,20.753925647892025,20.941434860229492,42814200
2017-08-30 04:00:00,20.97552806137637,21.120422059031934,20.958481326201326,21.02666664123535,35176100
2017-08-31 04:00:00,21.09484794648057,21.120418044382674,20.98404744023647,21.05223274230957,44225200
2017-09-01 04:00:00,21.077803048057397,21.23122039748377,21.026664473470596,21.111896514892578,42132600
2017-09-05 04:00:00,20.94995565757405,20.984049124179474,20.600505753198266,20.660167694091797,96579200
2017-09-06 04:00:00,20.73687762714109,20.81358630599401,20.643122213950623,20.711307525634766,77593900
2017-09-07 04:00:00,20.745397303870476,20.76244403517555,20.276623572641327,20.353330612182617,87667800
2017-09-08 04:00:00,20.370374206112235,20.61754689496981,20.32775901007877,20.54083824157715,68639500
2017-09-11 04:00:00,20.779493451502834,20.95848091600537,20.73687824006543,20.898818969726562,73305700
2017-09-12 04:00:00,20.975522222358347,21.163031380087894,20.958475491928652,21.145984649658203,66350600
2017-09-13 04:00:00,21.11189130793367,21.188599963727718,21.035182652139625,21.180076599121094,51049400
2017-09-14 04:00:00,21.18860663440396,21.23974521247777,21.094851219880233,21.137466430664062,47163200
2017-09-15 04:00:00,21.10579522914939,21.217059460300582,21.08011849139627,21.199941635131836,59250200
2017-09-18 04:00:00,21.276977224035015,21.456709550169087,21.259859393228094,21.448150634765625,44010400
2017-09-19 04:00:00,21.448143660213905,21.662111578383286,21.41390964217855,21.610759735107422,58443300
2017-09-20 04:00:00,21.627878858383788,21.816170049993037,21.525173533222347,21.7391414642334,70595500
2017-09-21 04:00:00,21.687785523451033,21.841842665885952,21.670667700414832,21.790489196777344,51050100
2017-09-22 04:00:00,21.704911236266643,21.790497117667393,21.645000466307703,21.764822006225586,42306600
2017-09-25 04:00:00,21.7391414642334,21.816170049993037,21.593643205848053,21.7391414642334,39774600
2017-09-26 04:00:00,21.773373935638006,21.80760795072632,21.670668625482005,21.730579376220703,46811000
2017-09-27 04:00:00,22.00446411163828,22.107169450195546,21.91031931977726,21.995906829833984,65919100
2017-09-28 04:00:00,22.072932581484228,22.081489862185894,21.918875409721995,22.03013801574707,37718900
2017-09-29 04:00:00,22.030139592253615,22.132844924926758,21.995905569659822,22.132844924926758,42740800
2017-10-02 04:00:00,22.090045034057905,22.321130752563477,22.090045034057905,22.321130752563477,52774000
2017-10-03 04:00:00,22.30402022944838,22.39816665649414,22.261227289398136,22.39816665649414,48062900
2017-10-04 04:00:00,22.338254316801752,22.406723995535526,22.2869024658629,22.295459747314453,39283800
2017-10-05 04:00:00,22.321137433379626,22.60357507416168,22.261226666008582,22.526546478271484,61260400
2017-10-06 04:00:00,22.586455319891254,22.646366082154227,22.432398141245987,22.552221298217773,66077800
2017-10-09 04:00:00,22.61213302166642,22.61213302166642,22.41528289945023,22.46663475036621,31340200
2017-10-10 04:00:00,22.500871976064765,22.5693416595459,22.440959574628504,22.5693416595459,35822500
2017-10-11 04:00:00,22.51798756401191,22.55222322105021,22.432400053862143,22.526546478271484,33748600
2017-10-12 04:00:00,22.586453686683658,22.5950125995946,22.329692829138267,22.355369567871094,53834800
2017-10-13 04:00:00,22.24410442287584,22.440954514440822,22.15851692971195,22.36392593383789,69561400
2017-10-16 04:00:00,22.381045682387338,22.517985030239867,22.37248676909083,22.50942611694336,42000700
2017-10-17 04:00:00,22.58645787813964,22.595016792638894,22.346814801944646,22.39816665649414,37844200
2017-10-18 04:00:00,22.49230928354477,22.552220042471813,22.39816287240471,22.51798439025879,52201500
2017-10-19 04:00:00,22.355372454585734,22.543663665603056,22.321136798521167,22.535104751586914,34671600
2017-10-20 04:00:00,22.774753276582818,22.817546221413807,22.697724669930075,22.80042839050293,56083800
2017-10-23 04:00:00,22.8089812289056,22.85177579478093,22.731952642775774,22.783306121826172,43555200
2017-10-24 04:00:00,22.86033914423399,22.988721243495753,22.8432229457858,22.945926666259766,61259200
2017-10-25 04:00:00,23.014391882576422,23.040068623925546,22.680602407267248,22.808982849121094,68653500
2017-10-26 04:00:00,22.89457163937616,23.040069916961624,22.89457163937616,22.93736457824707,41832600
2017-10-27 04:00:00,22.89456938400689,22.96303905892291,22.77474786101531,22.920246124267578,56694400
2017-10-30 04:00:00,22.894569069728075,22.92880472293903,22.76618863507857,22.826099395751953,48157500
2017-10-31 04:00:00,22.826100338342677,22.911687842458562,22.740512834226788,22.766189575195312,39890800
2017-11-01 04:00:00,22.860339166244795,22.963044519263853,22.774753276582818,22.80042839050293,40921900
2017-11-02 04:00:00,22.8261035307,23.04863041954458,22.714840902500754,23.014394760131836,51098300
2017-11-03 04:00:00,22.93736231866222,22.95448014550268,22.851776449351558,22.920246124267578,42387000
2017-11-06 05:00:00,22.860337552265264,22.937366153479655,22.81754461045553,22.894573211669922,33642100
2017-11-07 05:00:00,22.91169108287705,22.980160769364307,22.517989161240738,22.577899932861328,70325500
2017-11-08 05:00:00,22.53510442906949,22.54366334296314,22.389606157769283,22.46663475036621,55844900
2017-11-09 05:00:00,22.321131091606834,22.466629327789384,22.158515031768566,22.38960075378418,94577000
2017-11-10 05:00:00,22.40671823709652,22.449511163140297,22.30401292916777,22.321130752563477,53209600
2017-11-13 05:00:00,22.184194574543685,22.406721412891027,22.1670767487218,22.355369567871094,50579200
2017-11-14 05:00:00,22.269782708598242,22.355370207711573,22.192754122640817,22.346811294555664,54101800
2017-11-15 05:00:00,22.149960514025487,22.48375161174699,22.132844319419792,22.406723022460938,64952300
2017-11-16 05:00:00,22.509427992338757,22.560781476396368,22.398165375105794,22.415283203125,53648100
2017-11-17 05:00:00,22.304013267951117,22.440952592305813,22.27833816491306,22.38960075378418,41938700
2017-11-20 05:00:00,22.432399080443915,22.526545500767924,22.36392940178443,22.492311477661133,35232400
2017-11-21 05:00:00,22.56933657674793,22.59501168199235,22.509424188804424,22.56077766418457,35972400
2017-11-22 05:00:00,22.560780541454708,22.62069130459323,22.44951629638672,22.44951629638672,30959400
2017-11-24 05:00:00,22.535100612814823,22.5778935425903,22.423838015931214,22.440954208374023,12172500
2017-11-27 05:00:00,22.42384147644043,22.543663004259454,22.406723648910315,22.42384147644043,42346400
2017-11-28 05:00:00,22.44951820418861,23.031511322614566,22.43240037542408,23.005834579467773,86507000
2017-11-29 05:00:00,23.228357325798843,23.553589484710848,23.168446568221817,23.399532318115234,135340600
2017-11-30 05:00:00,23.604944533571917,23.86170542445362,23.43376951802016,23.553592681884766,135241700
2017-12-01 05:00:00,23.587830213233318,23.716210677765407,23.06574943980999,23.604948043823242,148119600
2017-12-04 05:00:00,23.998648348053393,24.135587718538904,23.964412689208984,23.964412689208984,99820400
2017-12-05 05:00:00,24.06711482175966,24.092789930020796,23.776118290197267,23.836029052734375,77706200
2017-12-06 05:00:00,23.750446319580078,23.88738569929548,23.681976629722378,23.750446319580078,60299100
2017-12-07 05:00:00,23.827468872070312,23.913056370763037,23.60494202844753,23.827468872070312,59625500
2017-12-08 05:00:00,23.94729421907809,23.972970962524414,23.77612082677397,23.972970962524414,55001600
2017-12-11 05:00:00,23.972964264763636,24.007198280681475,23.844583848292,23.913053512573242,43278400
2017-12-12 05:00:00,24.007202160029788,24.246846839961346,23.930173571210567,24.152700424194336,69517100
2017-12-13 05:00:00,24.12702235983847,24.17837420194366,23.836025867166327,23.8531436920166,97335300
2017-12-14 05:00:00,23.938735947137484,23.972971605984842,23.673416120854718,23.699092864990234,76970000
2017-12-15 05:00:00,23.84354297326788,24.07570192111368,23.757557995544207,23.912330627441406,111826100
2017-12-18 05:00:00,24.110100761240275,24.24767609351328,24.067107444887885,24.127296447753906,61275500
2017-12-19 05:00:00,24.264862902753926,24.282060223003263,24.024106979370117,24.024106979370117,57366300
2017-12-20 05:00:00,24.221878700779246,24.26487037461425,23.96392537771476,23.981121063232422,69680300
2017-12-21 05:00:00,24.110100054100943,24.256272405329927,24.084304065046094,24.187484741210938,46123500
2017-12-22 05:00:00,24.25626961784802,24.29066426596859,24.006914979082254,24.118694305419922,43020300
2017-12-26 05:00:00,24.118695343500875,24.196081665075813,23.955325677977928,24.049907684326172,33710100
2017-12-27 05:00:00,24.0671059118622,24.084303237307722,23.99831825010733,24.07570457458496,29421000
2017-12-28 05:00:00,24.135891530609197,24.178884840583788,24.075702536671848,24.170286178588867,28129700
2017-12-29 05:00:00,24.247670157526464,24.247670157526464,23.998313903808594,23.998313903808594,55169800
2018-01-02 05:00:00,24.153086189173663,24.153086189173663,23.895132917900998,24.006912231445312,55436100
2018-01-03 05:00:00,24.049900281140697,24.153082558154143,23.972513983387277,24.13588523864746,56906200
2018-01-04 05:00:00,24.273468216504554,24.540021833354384,24.230476544123444,24.359453201293945,62247000
2018-01-05 05:00:00,24.488423081028266,24.488423081028266,24.27346149856132,24.428234100341797,37989500
2018-01-08 05:00:00,24.402441625802435,24.445434932488475,24.307859631147068,24.393844604492188,44252100
2018-01-09 05:00:00,24.497026648978512,24.71198827451187,24.45403497988266,24.583011627197266,51418700
2018-01-10 05:00:00,24.660394859295128,24.892553779441336,24.61740155554943,24.789371490478516,64670900
2018-01-11 05:00:00,24.89255620894012,24.935547876854933,24.772176586730044,24.909751892089844,42361700
2018-01-12 05:00:00,25.055925910913317,25.150509548554126,24.901153282056352,25.133312225341797,44537500
2018-01-16 05:00:00,25.34827103094091,25.391264334198095,24.926946499181437,25.06452178955078,67563800
2018-01-17 05:00:00,25.133313000779747,25.322480281897747,24.926950035945882,25.253692626953125,54312000
2018-01-18 05:00:00,25.33967347602835,25.348272137055,25.184902497629267,25.219295501708984,49247400
2018-01-19 05:00:00,25.305286265900868,25.408466941791392,25.253695927955608,25.399869918823242,60727800
2018-01-22 05:00:00,25.40846383742704,25.614828444049344,25.374070829674704,25.606229782104492,46868900
2018-01-23 05:00:00,25.54603598155547,25.675014254711776,25.42565800930491,25.632020950317383,60862000
2018-01-24 05:00:00,25.75239718457262,25.86417648128186,25.59762458910855,25.803987503051758,66371000
2018-01-25 05:00:00,25.90716465716487,25.90716465716487,25.666408776610616,25.75239372253418,45423700
2018-01-26 05:00:00,25.829783356423405,25.950161312296952,25.709403760523212,25.94156265258789,33871900
2018-01-29 05:00:00,25.95876616024168,26.07914414481179,25.82119085215383,25.83838653564453,41037700
2018-01-30 05:00:00,25.649214245661515,25.812585496660446,25.503040313720703,25.503040313720703,67316900
2018-01-31 05:00:00,25.571836471557617,25.700813127420854,25.485851487639742,25.571836471557617,49504500
2018-02-01 05:00:00,25.52024173451654,25.838383988092104,25.51164307360546,25.812589645385742,60824200
2018-02-02 05:00:00,25.76099895189088,25.829788242576047,25.227895069296483,25.245092391967773,73086000
2018-02-05 05:00:00,24.70338285370128,25.116108668194713,23.73175729374467,23.97251319885254,147871500
2018-02-06 05:00:00,23.42221629687854,24.47122833944579,23.362027309849736,24.411039352416992,159006400
2018-02-07 05:00:00,24.368045119655328,24.77217230428357,24.264862838459436,24.428234100341797,102699400
2018-02-08 05:00:00,24.471231538385727,24.5142248490457,23.336234377396167,23.353431701660156,135270500
2018-02-09 05:00:00,23.705964924900368,23.981115509791593,23.0094898018911,23.800548553466797,149504900
2018-02-12 05:00:00,24.041301621387355,24.376642791661062,23.826340047633778,24.13588523864746,83571800
2018-02-13 05:00:00,23.998317082588468,24.290665040830724,23.92952942418012,24.23907470703125,43365500
2018-02-14 05:00:00,24.22187202580556,24.823765133791532,24.135887061803736,24.815166473388672,57379700
2018-02-15 05:00:00,25.021531178350283,25.05592418237526,24.677592937966043,24.952743530273438,66976000
2018-02-16 05:00:00,24.83236334425529,25.1333099126711,24.79797034102235,24.91834831237793,47508200
2018-02-20 05:00:00,24.86676125683243,25.11611589314204,24.763578953514163,24.840965270996094,58236100
2018-02-21 05:00:00,24.84956450246405,25.279487769427192,24.823770156063617,24.8753604888916,44578800
2018-02-22 05:00:00,24.935548769587303,25.073124079872517,24.60880781766669,24.668996810913086,47602700
2018-02-23 05:00:00,24.746378912083063,25.038726806640625,24.73778025165175,25.038726806640625,41187300
2018-02-26 05:00:00,25.219300345233815,25.417064666748047,25.05592903440469,25.417064666748047,55124200
2018-02-27 05:00:00,25.434255207602188,25.59762647485257,25.159104635407925,25.176301956176758,72752100
2018-02-28 05:00:00,25.305278296943346,25.39986192008012,24.82376480102539,24.82376480102539,65254700
2018-03-01 05:00:00,24.83236485250107,25.030130783202925,24.256267663123822,24.393844604492188,82467900
2018-03-02 05:00:00,24.221873968531924,24.522820546662466,23.981116378022104,24.45403289794922,78991200
2018-03-05 05:00:00,24.26486620536233,24.935547026130013,24.256267544067327,24.797971725463867,58952100
2018-03-06 05:00:00,24.935546301284692,24.952743623374793,24.643198385860583,24.901151657104492,49746100
2018-03-07 05:00:00,24.591608086342262,24.909750345220367,24.565812103179077,24.8581600189209,41530200
2018-03-08 05:00:00,24.918349552514226,24.969941519971552,24.668994936578233,24.935546875,50803000
2018-03-09 05:00:00,25.20209248017344,25.554629302405168,25.0989118512418,25.537433624267578,54595700
2018-03-12 04:00:00,25.53744295952092,25.632024963945103,25.40846466616836,25.451457977294922,51784500
2018-03-13 04:00:00,25.571832769765713,25.59762875321498,25.107516547867295,25.167705535888672,47049400
2018-03-14 04:00:00,25.27948742960445,25.27948742960445,24.806572498313063,24.88395881652832,57278900
2018-03-15 04:00:00,24.97853665535118,25.030128618913402,24.815167024151254,24.892553329467773,47451600
2018-03-16 04:00:00,24.94864554710545,25.155759668607235,24.914127349853516,24.914127349853516,61278200
2018-03-19 04:00:00,24.879604737643998,24.965902690164445,24.499894734151965,24.732898712158203,52145000
2018-03-20 04:00:00,24.82783000951845,24.896868051748037,24.732902084203978,24.793310165405273,37146500
2018-03-21 04:00:00,24.8364591773579,25.11261133745693,24.698383097308383,24.784679412841797,53291400
2018-03-22 04:00:00,24.45675456074881,24.55168250409446,23.783632286655852,23.869930267333984,85160300
2018-03-23 04:00:00,23.89582130352052,23.930339509852114,23.101882805928017,23.145030975341797,89289500
2018-03-26 04:00:00,23.611036543508384,23.964856761495422,23.386662465712238,23.89581871032715,84145000
2018-03-27 04:00:00,23.97348368730264,24.077039927940753,23.23995345779615,23.429807662963867,78827400
2018-03-28 04:00:00,23.490215887297527,23.705959976936178,23.17091555639052,23.472957611083984,84244500
2018-03-29 04:00:00,23.576513225061525,23.956223273601857,23.47295698654845,23.79225730895996,58290000
2018-04-02 04:00:00,23.792258556784034,23.81814844076851,22.912022253273765,23.26584243774414,74363900
2018-04-03 04:00:00,23.412546217788886,23.63692025257082,23.20543210398941,23.585142135620117,75160400
2018-04-04 04:00:00,23.162288825667368,23.904449124250394,23.14502890104985,23.835411071777344,70327000
2018-04-05 04:00:00,24.051154626308097,24.197860690115387,23.94759672703361,24.025264739990234,45378300
2018-04-06 04:00:00,23.74910930941948,23.904445314224763,23.231323175400796,23.447067260742188,88521000
2018-04-09 04:00:00,23.57651138305664,24.05114931814834,23.53336322804676,23.57651138305664,54633200
2018-04-10 04:00:00,23.95622779339504,24.068414013949706,23.775001872810375,23.93033790588379,67801500
2018-04-11 04:00:00,23.714587810821644,23.82677564912859,23.58514169784924,23.645549774169922,52480800
2018-04-12 04:00:00,23.82677775530164,24.215116128546104,23.80951783311386,24.05978012084961,63289100
2018-04-13 04:00:00,24.353188797303595,24.370448717069813,23.56788055390271,23.69732666015625,70103900
2018-04-16 04:00:00,23.835413636518773,23.973489756322156,23.731855723667646,23.800893783569336,44633600
2018-04-17 04:00:00,24.00800796327441,24.033897852986488,23.714595797192924,23.800893783569336,50750100
2018-04-18 04:00:00,23.861299755724506,23.956227696886295,23.636925669522032,23.688705444335938,66795500
2018-04-19 04:00:00,23.731851188212463,24.10293130651492,23.714591265036333,24.0511531829834,76142000
2018-04-20 04:00:00,24.094299965225176,24.197857852355096,23.95622387971646,24.05978012084961,49800400
2018-04-23 04:00:00,24.128819871965277,24.154709757079996,23.956225575857804,24.033893585205078,45689200
2018-04-24 04:00:00,24.163341283261676,24.31004734974993,23.71459312153325,23.878559112548828,69592900
2018-04-25 04:00:00,23.85266955238867,23.982117342119214,23.619667152067134,23.861299514770508,51819000
2018-04-26 04:00:00,23.84404037933142,23.99937641535265,23.749114081982842,23.869930267333984,33456200
2018-04-27 04:00:00,23.826779545857082,23.964855641742055,23.79225969888739,23.904447555541992,47185200
2018-04-30 04:00:00,23.96485765935528,24.094303804395963,23.680075481866954,23.688705444335938,41731400
2018-05-01 04:00:00,23.636918586971035,23.714586579922468,23.44706440753228,23.69732666015625,46372400
2018-05-02 04:00:00,23.611033553075714,23.70595983266119,23.395289464750086,23.429807662963867,45430300
2018-05-03 04:00:00,23.317617376903684,23.352135569071176,22.834349518586954,23.231319427490234,68947900
2018-05-04 04:00:00,23.093245245862175,23.662809453939772,23.01557724967008,23.533363342285156,40575600
2018-05-07 04:00:00,23.619667390581103,23.783631739500688,23.524739449419314,23.688705444335938,36873600
2018-05-08 04:00:00,23.705958907334914,24.016630909116174,23.697328946619134,23.852664947509766,47718500
2018-05-09 04:00:00,23.964859090760964,24.26690121122804,23.878561106913637,24.206491470336914,43817000
2018-05-10 04:00:00,24.163339991292833,24.456752108581142,24.128820144083896,24.40497398376465,41445500
2018-05-11 04:00:00,24.422236407756085,24.55168421077021,24.33594006707626,24.387718200683594,25894000
2018-05-14 04:00:00,24.456748934335543,24.499897091749595,24.32730281609669,24.370450973510742,31292900
2018-05-15 04:00:00,24.33593480148804,24.456750969096447,24.232376910683097,24.32730484008789,54655800
2018-05-16 04:00:00,24.30141293405024,24.439489012971244,24.24963481595404,24.370450973510742,31984900
2018-05-17 04:00:00,24.344564234264883,24.404973966838625,24.16333997453439,24.318675994873047,45070400
2018-05-18 04:00:00,24.318675755465673,24.327305717176962,24.11156161238539,24.12019157409668,33266100
2018-05-21 04:00:00,24.258265539365393,24.387711661674295,24.249635578411898,24.292783737182617,29647900
2018-05-22 04:00:00,24.310041026723603,24.594823123364808,24.310041026723603,24.45674705505371,52841400
2018-05-23 04:00:00,24.2927807151689,24.37044870809172,24.042518462637126,24.301410675048828,44968500
2018-05-24 04:00:00,24.223747028106512,24.241006950962973,23.86992683953328,24.111560821533203,43245200
2018-05-25 04:00:00,23.999373738385447,24.07704174773272,23.921705729038173,24.033893585205078,39312500
2018-05-29 04:00:00,23.697325720728497,23.73184555889247,23.058723528663332,23.231319427490234,126469700
2018-05-30 04:00:00,23.455700153149415,23.74911227756385,23.39529206506355,23.654184341430664,65843700
2018-05-31 04:00:00,23.60240406212901,23.636922261030314,23.386659969506255,23.455698013305664,66686900
2018-06-01 04:00:00,23.740481865525187,23.84403811571023,23.645553931191465,23.71459197998047,62934300
2018-06-04 04:00:00,23.826777152462142,23.87855527171868,23.749109150578967,23.79225730895996,44196900
2018-06-05 04:00:00,23.714593685745854,23.749113535621788,23.567887615767198,23.688705444335938,44996800
2018-06-06 04:00:00,23.82677945990039,24.137449851522366,23.80088957476652,24.12019157409668,61960000
2018-06-07 04:00:00,24.22374513934548,24.3186730616575,24.03389094071815,24.197856903076172,65166100
2018-06-08 04:00:00,24.17196991944681,24.25826789135211,24.042523784587317,24.232378005981445,47713400
2018-06-11 04:00:00,24.310045343926806,24.39634331344598,24.180599212646484,24.180599212646484,47319600
2018-06-12 04:00:00,24.249637707772244,24.310045793754384,23.999373756135512,24.12019157409668,55517200
2018-06-13 04:00:00,24.128819871965277,24.318675737479452,24.008003700090356,24.033893585205078,61095800
2018-06-14 04:00:00,24.07704489259156,24.12019470675217,23.740484572124306,23.80952262878418,70635500
2018-06-15 04:00:00,23.661309413028864,23.88665542163534,23.496634818880565,23.808650970458984,63387600
2018-06-18 04:00:00,23.600645443876463,23.799989466639072,23.522640973555887,23.765321731567383,49824600
2018-06-19 04:00:00,23.522636119974038,23.765316827911608,23.51396877471265,23.704647064208984,50214700
2018-06-20 04:00:00,23.9213265643524,23.9213265643524,23.61797608221232,23.643978118896484,42833600
2018-06-21 04:00:00,23.565972928756132,23.713314492461198,23.40996401975935,23.57464027404785,75190900
2018-06-22 04:00:00,23.739315917262807,23.765317954279343,23.44463277691736,23.46196746826172,61389400
2018-06-25 04:00:00,23.35796244918147,23.40129752408633,23.054611965466034,23.210620880126953,80746100
2018-06-26 04:00:00,23.227951621732565,23.253953655981018,22.9852725812549,23.132614135742188,56387800
2018-06-27 04:00:00,23.12394994349272,23.297291902733278,22.837934140274946,22.846601486206055,78099200
2018-06-28 04:00:00,22.846602118663533,23.141285275970063,22.80326538780831,23.04594612121582,78544800
2018-06-29 04:00:00,23.3319619323513,23.461968818662477,23.011276736531638,23.04594612121582,77149900
2018-07-02 04:00:00,22.855266303908078,23.16728245727702,22.837931613963406,23.158615112304688,66202800
2018-07-03 04:00:00,23.21929007562778,23.288627192875968,22.898604875150365,22.950607299804688,30717800
2018-07-05 04:00:00,23.071946363773492,23.123948783624563,22.92460479658952,23.002609252929688,40668500
2018-07-06 04:00:00,22.94194034343416,23.210623123823847,22.855270185246315,23.115283966064453,41285000
2018-07-09 04:00:00,23.23662114314687,23.669978502453517,23.210620759589837,23.643978118896484,73447400
2018-07-10 04:00:00,23.661311130037213,23.739315586874046,23.48796917838757,23.55730628967285,51260600
2018-07-11 04:00:00,23.427302351085338,23.565976591049488,23.39263296453063,23.44463539123535,46023700
2018-07-12 04:00:00,23.591973281940355,23.60930797250207,23.34929422658465,23.48796844482422,64876800
2018-07-13 04:00:00,23.39263570092404,23.46197282901694,23.141289231510086,23.383968353271484,64146900
2018-07-16 04:00:00,23.45329844186452,23.81731866837359,23.435965404889448,23.799983978271484,55812000
2018-07-17 04:00:00,23.82598304748535,23.921322178051767,23.695976194157314,23.82598304748535,55502200
2018-07-18 04:00:00,23.921328244074846,24.250679132898522,23.886658859394853,24.20734405517578,59109200
2018-07-19 04:00:00,24.0859996232999,24.09466531458269,23.808649561570174,23.843318939208984,61765100
2018-07-20 04:00:00,23.79998781085187,23.955996740639332,23.71331765263866,23.886659622192383,51562300
2018-07-23 04:00:00,23.886656628819207,24.25067686833006,23.87798928345858,24.21600914001465,81516200
2018-07-24 04:00:00,24.311353096777108,24.432694310961725,24.224682926380638,24.28535270690918,63133700
2018-07-25 04:00:00,24.268011827463468,24.380684012143618,24.13800495187034,24.33734893798828,44197200
2018-07-26 04:00:00,24.398011406193994,24.493350524574623,24.302673940939982,24.32867431640625,40056800
2018-07-27 04:00:00,24.32001223153688,24.502023164784667,24.242007782020252,24.38068199157715,63149400
2018-07-30 04:00:00,24.398019790649414,24.58003074709501,24.36335206040518,24.398019790649414,56474100
2018-07-31 04:00:00,24.467355186253286,24.47602253148755,24.172672060796558,24.22467613220215,84500100
2018-08-01 04:00:00,24.380683387037706,24.502024567190347,24.164004715562292,24.22467613220215,64046900
2018-08-02 04:00:00,24.06866472671032,24.276676031366794,23.99066028082328,24.233339309692383,38330700
2018-08-03 04:00:00,24.198673313913062,24.37201690673828,24.198673313913062,24.37201690673828,34894300
2018-08-06 04:00:00,24.406688355689937,24.562697282400148,24.354685931162294,24.50202751159668,38230100
2018-08-07 04:00:00,24.571361430074905,24.753370718792066,24.55402673977983,24.614696502685547,44608600
2018-08-08 04:00:00,24.580029860767404,24.718704082998286,24.56269516970676,24.67536735534668,47522000
2018-08-09 04:00:00,24.614696471701148,24.6753662345305,24.528024673461914,24.528024673461914,29357800
2018-08-10 04:00:00,24.20734429203383,24.328683833346556,24.120672482613056,24.24201202392578,83301400
2018-08-13 04:00:00,24.242011148082014,24.30268256967363,23.999332074224355,24.007999420166016,74413500
2018-08-14 04:00:00,24.094665106588067,24.276676031366794,24.02532800503591,24.233339309692383,43659000
2018-08-15 04:00:00,24.03399813622748,24.164005010071833,23.929993298402838,24.042665481567383,55681100
2018-08-16 04:00:00,24.15534048308877,24.432688934836293,24.15534048308877,24.363351821899414,49534200
2018-08-17 04:00:00,24.29401614086349,24.450023414321237,24.29401614086349,24.415355682373047,43193100
2018-08-20 04:00:00,24.415352252377875,24.536691776841028,24.380682872172954,24.493356704711914,30053700
2018-08-21 04:00:00,24.510691074807422,24.710035049002016,24.458687005178994,24.588695526123047,47940000
2018-08-22 04:00:00,24.48469281904504,24.59736501437615,24.467358126493405,24.50202751159668,27323300
2018-08-23 04:00:00,24.493355465992384,24.519357499831056,24.35468125844004,24.38934898376465,31767800
2018-08-24 04:00:00,24.484688157614,24.52802322761563,24.43268574298665,24.47602081298828,22064500
2018-08-27 04:00:00,24.571364570691994,24.892048116504206,24.56269722443663,24.805377960205078,52254500
2018-08-28 04:00:00,24.874716143411188,24.89204918353766,24.736041903635396,24.779376983642578,28896800
2018-08-29 04:00:00,24.779377338206,24.840047112335107,24.649370443196865,24.770709991455078,34015300
2018-08-30 04:00:00,24.65803872657537,24.753376238202176,24.536697520580695,24.580034255981445,43264100
2018-08-31 04:00:00,24.493359695082987,24.571364156940515,24.41535523322546,24.55402946472168,34107800
2018-09-04 04:00:00,24.50202540412164,24.701369391937643,24.441355638536518,24.67536735534668,43145600
2018-09-05 04:00:00,24.658029802378127,24.822704377919933,24.64069511449157,24.692697525024414,32727700
2018-09-06 04:00:00,24.65803872657537,24.727375850089146,24.502029785387517,24.580034255981445,38328900
2018-09-07 04:00:00,24.632033926579208,24.649368618798043,24.450022964535894,24.55402946472168,43644300
2018-09-10 04:00:00,24.614696471701148,24.649365852247666,24.50202429117908,24.528024673461914,29927200
2018-09-11 04:00:00,24.458690310645313,24.62336658046979,24.372020155805604,24.55402946472168,32065200
2018-09-12 04:00:00,24.55402027149807,24.606022675557224,24.311339630677658,24.32867431640625,47963400
2018-09-13 04:00:00,24.389351471262255,24.510692655091496,24.242009904069484,24.29401397705078,44977100
2018-09-14 04:00:00,24.328681507583994,24.493357764428094,24.32001416215777,24.467355728149414,34151000
2018-09-17 04:00:00,24.46735666474115,24.53669377767803,24.337349784625395,24.363351821899414,26907900
2018-09-18 04:00:00,24.424023754663448,24.5106955668012,24.32001724947268,24.48469352722168,36405600
2018-09-19 04:00:00,24.467355616350385,24.978717422271455,24.467355616350385,24.900712966918945,75551800
2018-09-20 04:00:00,25.082723857961472,25.19539604148262,25.022054093517234,25.11739158630371,78555500
2018-09-21 04:00:00,25.202706341772,25.246233666668058,24.98506639636969,25.019887924194336,64710000
2018-09-24 04:00:00,24.99376967685958,25.02859286395242,24.723896618733853,24.741308212280273,47985100
2018-09-25 04:00:00,24.837074010747173,24.854483946422306,24.63684397610176,24.645549774169922,32964400
2018-09-26 04:00:00,24.680373475504478,24.71519500803418,24.28862085666265,24.349559783935547,60288100
2018-09-27 04:00:00,24.375672798902976,24.46272910527696,24.236383372888977,24.262500762939453,57492200
2018-09-28 04:00:00,24.16674515942546,24.175450958450337,23.975222562262253,24.01004409790039,66454900
2018-10-01 04:00:00,24.149329864009538,24.27991350846705,24.02745201724401,24.105802536010742,49855000
2018-10-02 04:00:00,24.070979345242804,24.149329864009538,23.91427830770934,24.105802536010742,47629500
2018-10-03 04:00:00,24.262506682963632,24.436617677733548,24.192861952963398,24.332151412963867,79591400
2018-10-04 04:00:00,24.323440009703095,24.680369376270562,24.30602841609957,24.49755096435547,94700800
2018-10-05 04:00:00,24.558491968405306,24.645548283359727,24.31473627908625,24.375675201416016,58148700
2018-10-08 04:00:00,24.306028937546156,24.619430987289302,24.288617343569094,24.541080474853516,56594900
2018-10-09 04:00:00,24.42791044015329,24.54978995582116,24.271209391766916,24.445322036743164,47963500
2018-10-10 04:00:00,24.436613010650802,24.497551930204782,23.687931060791016,23.687931060791016,101604400
2018-10-11 04:00:00,23.548645999692877,23.69664125771426,22.91313763426162,22.9827823638916,178628200
2018-10-12 04:00:00,23.400644849529943,23.435468035807332,22.66067040620549,23.008893966674805,137933000
2018-10-15 04:00:00,23.01759643860366,23.183001568147553,22.904422760009766,22.904422760009766,82196400
2018-10-16 04:00:00,23.061129829585205,23.304887181147933,22.90442879361353,23.2874755859375,75137300
2018-10-17 04:00:00,23.23524300879849,23.67052293655925,23.12206929772245,23.52252769470215,79472100
2018-10-18 04:00:00,23.39194247972987,23.56605344288106,23.06112882695884,23.130773544311523,81706000
2018-10-19 04:00:00,23.113360849325,23.400645502283517,23.000188811688417,23.21782875061035,73614300
2018-10-22 04:00:00,23.24394918418792,23.29618231143857,22.72161293029785,22.72161293029785,58645800
2018-10-23 04:00:00,22.26021656649779,22.669380785670135,22.12963291248031,22.538795471191406,93698200
2018-10-24 04:00:00,22.503971006531142,22.503971006531142,21.88587268936407,21.972929000854492,98050700
2018-10-25 04:00:00,22.07739482661116,22.495263089840556,22.051277437486494,22.31244468688965,72439400
2018-10-26 04:00:00,22.042574310637725,22.216686938300132,21.781407029605198,21.990341186523438,115308900
2018-10-29 04:00:00,22.260212387234155,22.573614426405154,21.946810348063156,22.181861877441406,97946100
2018-10-30 04:00:00,22.303745488797574,22.582324392625036,22.147044440279316,22.564912796020508,82719100
2018-10-31 04:00:00,22.782552850730056,23.16559967504389,22.74772965740096,22.878314971923828,93781100
2018-11-01 04:00:00,22.939255030545862,23.07854448980583,22.826081307108808,22.9827823638916,62346600
2018-11-02 04:00:00,23.209125628322127,23.339709274631016,22.791257295949222,22.965368270874023,73034200
2018-11-05 05:00:00,23.061133872554034,23.400651736374584,23.061133872554034,23.33100700378418,58705800
2018-11-06 05:00:00,23.313593323900275,23.452882766723633,23.200419613818084,23.452882766723633,51010900
2018-11-07 05:00:00,23.583467164152637,23.78369553704109,23.348415599216878,23.757579803466797,59990800
2018-11-08 05:00:00,23.618288898291986,23.95780838182024,23.539940036435993,23.827224731445312,46730100
2018-11-09 05:00:00,23.766278432815536,23.835923140307727,23.487699602846774,23.60957908630371,47051200
2018-11-12 05:00:00,23.557345033911158,23.661812928588617,23.095949455276273,23.139476776123047,47135500
2018-11-13 05:00:00,23.174301050463683,23.496407224976277,23.156889457122208,23.270061492919922,69820600
2018-11-14 05:00:00,23.45288001373299,23.487701540120778,22.704198101094793,22.956661224365234,104274200
2018-11-15 05:00:00,22.799954431968164,23.313584684719217,22.660665040760474,23.296173095703125,93998000
2018-11-16 05:00:00,23.1743066066605,23.426768128797494,23.04372128575167,23.322301864624023,80518300
2018-11-19 05:00:00,23.304885206550384,23.418057244907033,23.104656859978867,23.31359100341797,65491300
2018-11-20 05:00:00,23.04371869339363,23.139480808497428,22.730318275668616,22.799962997436523,103778300
2018-11-21 05:00:00,22.930548904929328,23.148188889478423,22.74773045446821,22.81737518310547,48618000
2018-11-23 05:00:00,22.695492827229966,22.826076459999125,22.573614991373546,22.634553909301758,24252300
2018-11-26 05:00:00,22.869607231635495,23.183007642678962,22.860901434042468,23.0959529876709,50168800
2018-11-27 05:00:00,23.052430049354815,23.183013726597093,23.000196910550212,23.11336898803711,47174300
2018-11-28 05:00:00,23.183005386234765,23.55734634399414,22.982777042467035,23.55734634399414,61375300
2018-11-29 05:00:00,23.383239816445183,23.51382347142533,23.261360299397285,23.35712242126465,43664100
2018-11-30 05:00:00,23.287479401588975,23.574764127788253,23.252656205462333,23.479001998901367,45435200
2018-12-03 05:00:00,23.818519326814037,23.914279786424864,23.461589901677936,23.626995086669922,65332700
2018-12-04 05:00:00,23.505114427696938,23.513820224888445,22.486559402744962,22.5997314453125,110918600
2018-12-06 05:00:00,22.094812631238195,22.295042698280458,21.703061617553352,22.28633689880371,134687100
2018-12-07 05:00:00,22.234097438447034,22.547497828163365,21.755288566180454,21.859756469726562,86740000
2018-12-10 05:00:00,21.772701295310593,21.833640217030815,21.154602959731715,21.55506134033203,101121800
2018-12-11 05:00:00,21.824937679377435,21.9555213397765,21.267779842762042,21.34613037109375,92308200
2018-12-12 05:00:00,21.64212069400285,21.781410151915132,21.36354177817828,21.468008041381836,86748900
2018-12-13 05:00:00,21.459291646525028,21.572465312984132,21.232945974067317,21.311296463012695,67232900
2018-12-14 05:00:00,21.102371215820312,21.398361706789455,21.05884388616181,21.102371215820312,66817000
2018-12-17 05:00:00,20.9804831726301,21.302589240739053,20.797664823858213,20.8934268951416,101180400
2018-12-18 05:00:00,21.015312810695846,21.24165855547442,20.68450082091856,20.81508445739746,90844000
2018-12-19 05:00:00,20.7715588036339,21.23295446702056,20.38851200007083,20.553918838500977,129331700
2018-12-20 05:00:00,20.353687877121445,20.6757957413795,20.25792742595912,20.3710994720459,107016900
2018-12-21 05:00:00,20.349195703058975,20.73463079360685,19.919961891891294,19.963762283325195,118502300
2018-12-24 05:00:00,19.70096534796337,19.9287223756109,19.517008712640816,19.54328727722168,71752700
2018-12-26 05:00:00,19.59585379684563,20.436801539298937,19.315536211879888,20.428041458129883,108133500
2018-12-27 05:00:00,20.086403080604825,20.673315048217773,19.893684670728895,20.673315048217773,98005000
2018-12-28 05:00:00,20.76967412484012,20.936112308235355,20.576957371466065,20.6645565032959,76348400
2018-12-31 05:00:00,20.778432521994453,20.953630771462578,20.603235943340664,20.866031646728516,56435400
2019-01-02 05:00:00,20.559436775932657,21.08502988497648,20.498117886193526,21.041231155395508,62945000
2019-01-03 05:00:00,20.883549582816663,20.936108383736563,20.515634634749045,20.568193435668945,65729700
2019-01-04 05:00:00,20.918594166874524,21.295269300531253,20.86603535102917,21.2514705657959,64638400
2019-01-07 05:00:00,21.2076636657938,21.470461006173036,21.07626583101124,21.27774429321289,48167000
2019-01-08 05:00:00,21.470463444570637,21.505502091445397,21.049989657187655,21.295265197753906,90114700
2019-01-09 05:00:00,21.347824193531824,21.47922203412303,21.19890619531134,21.40038299560547,61037100
2019-01-10 05:00:00,21.2777493962774,21.479226235985326,21.207668752050793,21.409147262573242,48630500
2019-01-11 05:00:00,21.304028052982176,21.505504893502803,21.181390266719973,21.461706161499023,44961600
2019-01-14 05:00:00,21.25146936225784,21.680703287451045,21.22518912041618,21.610624313354492,50610600
2019-01-15 05:00:00,21.52302501756887,21.838381234059543,21.461706124543355,21.803340911865234,59156500
2019-01-16 05:00:00,22.05737556203329,22.399010307949915,21.996056676439466,22.26761245727539,72982400
2019-01-17 05:00:00,22.18001047680362,22.46908637938512,22.048612643050955,22.390247344970703,55771300
2019-01-18 05:00:00,22.54792920089998,22.801966503528234,22.363972536912115,22.775686264038086,58400200
2019-01-22 05:00:00,22.582968827737655,22.69684652040758,22.39901049857629,22.512889862060547,79651700
2019-01-23 05:00:00,22.60048820003753,22.62676843974974,22.285133677562996,22.539169311523438,44072000
2019-01-24 05:00:00,22.460334380660118,22.653052832250275,22.39025539939498,22.591733932495117,25496900
2019-01-25 05:00:00,22.74940602454794,22.924604279520143,22.688087136551985,22.775686264038086,63140000
2019-01-28 05:00:00,22.556690345408917,22.7318886086505,22.521650024434813,22.705608367919922,66894900
2019-01-29 05:00:00,22.696850906098284,22.78445004782495,22.61801184562575,22.626771926879883,29442100
2019-01-30 05:00:00,22.696848375717632,22.898325209656857,22.539170272351466,22.758167266845703,62076800
2019-01-31 05:00:00,22.565449270429994,22.758166013478164,22.530408951249754,22.723127365112305,64021500
2019-02-01 05:00:00,22.758163921230974,22.924602080407034,22.731885355076066,22.819482803344727,42920300
2019-02-04 05:00:00,22.82824293698183,22.924602135285095,22.70560517246075,22.915842056274414,30362500
2019-02-05 05:00:00,22.959640309421008,22.97716046708289,22.766923587582927,22.854522705078125,39094900
2019-02-06 05:00:00,22.784446434453876,22.95088461025775,22.74940611499437,22.828245162963867,51542800
2019-02-07 05:00:00,22.758168683247955,22.819487578192334,22.416533885235218,22.60049057006836,80395700
2019-02-08 05:00:00,22.47785223933436,22.582971535862978,22.197536343010754,22.48661231994629,54911100
2019-02-11 05:00:00,22.55669403076172,22.600492768320798,22.44281631061927,22.55669403076172,53115700
2019-02-12 05:00:00,22.72312611232463,22.977161729118162,22.714366033012535,22.889562606811523,37671300
2019-02-13 05:00:00,22.994676859479224,23.152354910988738,22.942118065914027,22.950878143310547,42969600
2019-02-14 05:00:00,22.775683927852988,22.845762888490736,22.539166809145257,22.670564651489258,47630100
2019-02-15 05:00:00,22.85452865628475,23.15236473083496,22.67057029456156,23.15236473083496,46880800
2019-02-19 05:00:00,23.038480901980684,23.257477875082454,22.96840193742069,23.18739891052246,23868300
2019-02-20 05:00:00,23.178642762368266,23.345080957982756,23.126083947737488,23.336320877075195,27509100
2019-02-21 05:00:00,23.29251931511461,23.371358362895236,23.134841219553362,23.213680267333984,46619900
2019-02-22 05:00:00,23.21367877537545,23.283757738808163,23.091041007071773,23.178638458251953,26343700
2019-02-25 05:00:00,23.28375588241545,23.493992755951595,23.248717238899832,23.274995803833008,33835900
2019-02-26 05:00:00,23.108560609141584,23.38011806750067,23.091042120549357,23.204919815063477,35659700
2019-02-27 05:00:00,23.16112455681627,23.336321164682936,23.134844313769694,23.292522430419922,42542400
2019-02-28 05:00:00,23.301276315854015,23.345075038471375,23.222437278491427,23.231197357177734,39835900
2019-03-01 05:00:00,23.432678133959904,23.599116315636635,23.310040353153074,23.38011932373047,82657300
2019-03-04 05:00:00,23.44143423320657,23.59911230793174,23.03847896770734,23.231197357177734,76611900
2019-03-05 05:00:00,23.27499831515304,23.283758394680675,22.96840221494316,23.143600463867188,39868100
2019-03-06 05:00:00,23.143598401735375,23.22243743964507,22.97716024716889,22.994680404663086,43158900
2019-03-07 05:00:00,22.907085289934365,22.907085289934365,22.626769404312054,22.758167266845703,62622100
2019-03-08 05:00:00,22.504129367289284,22.766925066026168,22.49536928788948,22.749404907226562,55826400
2019-03-11 04:00:00,22.863285987899,23.056002736743814,22.758166698010832,22.985923767089844,63343500
2019-03-12 04:00:00,23.0209622707467,23.117319802158345,22.985921953277522,23.038480758666992,32521100
2019-03-13 04:00:00,23.12607849552029,23.283756573052944,23.05599953559624,23.196157455444336,42817500
2019-03-14 04:00:00,23.161124187516723,23.3713611160933,23.152364106640874,23.283761978149414,37665700
2019-03-15 04:00:00,23.288162475357385,23.51708054645511,23.270552876244082,23.446643829345703,70020400
2019-03-18 04:00:00,23.4906656915907,23.75480293690229,23.4906656915907,23.68436622619629,43980700
2019-03-19 04:00:00,23.81643603877008,23.860460034750645,23.43783974939966,23.49947166442871,45029300
2019-03-20 04:00:00,23.44664578019922,23.455450580488467,22.98880792056605,23.015220642089844,65860300
2019-03-21 04:00:00,22.85673593990933,23.04163337390228,22.698254584214574,22.944782257080078,104914100
2019-03-22 04:00:00,22.67183850568042,22.795102332981518,22.21399903378536,22.310850143432617,121855900
2019-03-25 04:00:00,22.28443933323984,22.478141583711814,22.081933961695473,22.21400260925293,72835600
2019-03-26 04:00:00,22.390093559183605,22.53096699646324,22.25802492165193,22.478139877319336,51171500
2019-03-27 04:00:00,22.42531275848423,22.53977348443692,22.27563451024576,22.381290435791016,73148100
2019-03-28 04:00:00,22.425312976502653,22.583796026689324,22.31965872927419,22.57499122619629,52089300
2019-03-29 04:00:00,22.768695630451827,22.786303553758216,22.54858063535262,22.636625289916992,50234400
2019-04-01 04:00:00,22.82151582857877,23.208918572522542,22.812711029927364,23.191308975219727,62485300
2019-04-02 04:00:00,23.129678016914536,23.296964160152342,23.094458820857923,23.1737003326416,41002400
2019-04-03 04:00:00,23.332185034783464,23.437840951210745,23.147289280215496,23.244138717651367,52030900
2019-04-04 04:00:00,23.244142031910666,23.481866618260078,23.244142031910666,23.3850154876709,54378900
2019-04-05 04:00:00,23.42903948107463,23.508281009820184,23.349797952329073,23.42023468017578,37088800
2019-04-08 04:00:00,23.358599192466794,23.455448628902353,23.305770395126885,23.446643829345703,34998000
2019-04-09 04:00:00,23.340995097973433,23.340995097973433,23.147294500077162,23.252948760986328,65954800
2019-04-10 04:00:00,23.252944702523056,23.358600624335715,23.13848565995792,23.323381423950195,48232700
2019-04-11 04:00:00,23.41142154997235,23.552294955545896,23.340984847185577,23.464248657226562,62205000
2019-04-12 04:00:00,23.807636733843694,24.06296923407039,23.68437120468984,23.895681381225586,84627600
2019-04-15 04:00:00,23.90448332320253,23.913288122756594,23.693173171936415,23.746000289916992,40030400
2019-04-16 04:00:00,23.798829074785804,24.10698866229773,23.781219475686893,24.080575942993164,56093400
2019-04-17 04:00:00,24.168622498274953,24.177425618567707,23.948507545392097,24.142208099365234,58834000
2019-04-18 04:00:00,24.098186020877268,24.168622739328555,24.03655242280654,24.0717716217041,52495700
2019-04-22 04:00:00,24.0013370513916,24.07177377614703,23.922095526123748,24.0013370513916,39324100
2019-04-23 04:00:00,23.99253886318407,24.17743468687006,23.895687710199343,24.15102195739746,54250300
2019-04-24 04:00:00,24.071770433044566,24.23025346157005,24.018943316650653,24.124597549438477,39505200
2019-04-25 04:00:00,24.010138037871886,24.265470494796524,23.948506123419172,24.168621063232422,44532300
2019-04-26 04:00:00,24.16861799825716,24.406340826807114,24.133398806268428,24.38873291015625,41527900
2019-04-29 04:00:00,24.47678799934746,24.76733974013981,24.415156066352754,24.635271072387695,61643200
2019-04-30 04:00:00,24.670482635498047,24.705700152292792,24.45917249669847,24.670482635498047,38800300
2019-05-01 04:00:00,24.69690135904294,24.776142890280674,24.450373643498086,24.46798324584961,67969500
2019-05-02 04:00:00,24.450370074909998,24.6088531142545,24.318301435237537,24.49439239501953,50972900
2019-05-03 04:00:00,24.60004331795092,24.758526325106594,24.556019327439053,24.714502334594727,34598900
2019-05-06 04:00:00,24.28307916941336,24.635262723850463,24.239056854862593,24.547216415405273,42517000
2019-05-07 04:00:00,24.318300733409046,24.556023606221228,23.974920264957998,24.142208099365234,60090800
2019-05-08 04:00:00,24.045356267408984,24.291885611867837,23.983724351130213,24.089380264282227,44254200
2019-05-09 04:00:00,23.79882388849827,24.089375492937496,23.684363198642657,24.03654670715332,56468300
2019-05-10 04:00:00,23.90448613965488,24.239061844754147,23.69317596349197,24.195037841796875,63453600
2019-05-13 04:00:00,23.710780364268302,23.763607476886634,23.411423927191702,23.490665435791016,54962500
2019-05-14 04:00:00,23.543495176296922,23.878070845359638,23.517080777367607,23.67556381225586,52398400
2019-05-15 04:00:00,23.43783856458795,23.701975809743914,23.34979225642141,23.58751678466797,49061700
2019-05-16 04:00:00,23.666759955016815,23.957311637433694,23.64915203437328,23.82524299621582,44872600
2019-05-17 04:00:00,23.58752345318998,23.895683099878426,23.552304248228943,23.666763305664062,62711500
2019-05-20 04:00:00,23.578711524648558,23.798826451086992,23.578711524648558,23.69317054748535,44357300
2019-05-21 04:00:00,23.790022855600963,23.939701080322266,23.790022855600963,23.939701080322266,36851400
2019-05-22 04:00:00,23.81643413529258,23.86926292624703,23.728389509055706,23.798826217651367,25867600
2019-05-23 04:00:00,23.569904551078455,23.578709348844733,23.261743346632525,23.464248657226562,51832900
2019-05-24 04:00:00,23.552297833121344,23.65795373988207,23.481861121728745,23.64914894104004,30582000
2019-05-28 04:00:00,23.578712461002365,23.64914917308609,23.376205444335938,23.376205444335938,35177700
2019-05-29 04:00:00,23.191314201108465,23.376209976421208,23.085658272826894,23.33218765258789,39700600
2019-05-30 04:00:00,23.385017426794885,23.517086092603446,23.13848969844403,23.252948760986328,40641200
2019-05-31 04:00:00,22.95358585909472,23.06804656924768,22.883149144902028,22.900758743286133,49259200
2019-06-03 04:00:00,22.8655461713758,23.147294789121624,22.821523842004634,23.050443649291992,63329300
2019-06-04 04:00:00,23.33218502289386,23.701978211185175,23.270553104735942,23.67556381225586,45454400
2019-06-05 04:00:00,23.719588754979075,23.84285259620324,23.51708171381152,23.82524299621582,46599700
2019-06-06 04:00:00,23.83404469880494,24.01013731710687,23.70197607475033,23.913286209106445,37297600
2019-06-07 04:00:00,23.91328644034493,23.992527951412686,23.842849728211778,23.878068923950195,33054800
2019-06-10 04:00:00,24.01894402549078,24.256666895950865,24.01894402549078,24.080575942993164,37081400
2019-06-11 04:00:00,24.21264409683977,24.309495210617133,24.01894354862881,24.089380264282227,34273400
2019-06-12 04:00:00,24.06296610917735,24.106988427151418,23.798828842645367,23.851655960083008,36866000
2019-06-13 04:00:00,23.895675657692372,24.010136358823416,23.83404374754963,23.93089485168457,31020000
2019-06-14 04:00:00,23.957310195724652,24.062966109947098,23.77241444501511,23.98372459411621,29724100
2019-06-17 04:00:00,23.97492099956471,24.045357719471696,23.73719644012468,23.76361083984375,40981600
2019-06-18 04:00:00,23.71078275863505,24.177425379349568,23.71078275863505,24.080575942993164,46237400
2019-06-19 04:00:00,24.124593004116846,24.2918808004132,24.01013399360467,24.03654670715332,58118500
2019-06-20 04:00:00,24.168622498274953,24.239059216023712,23.878070827643338,24.142208099365234,50583800
2019-06-21 04:00:00,24.15902192145616,24.318312450399,24.052829360761145,24.088226318359375,65322300
2019-06-24 04:00:00,24.043979152675362,24.212119339169675,23.964333890014913,23.990882873535156,48377800
2019-06-25 04:00:00,23.99087723858236,24.026274187061738,23.79618811429619,23.911231994628906,47748500
2019-06-26 04:00:00,23.964333720059095,24.079375938697037,23.858139474631535,23.866989135742188,31448000
2019-06-27 04:00:00,23.95548244196852,24.15017159746094,23.95548244196852,24.079374313354492,59459800
2019-06-28 04:00:00,24.362559295758647,24.51300015430188,24.105924194990692,24.42450523376465,76728100
2019-07-01 04:00:00,24.707687814675747,24.822730030707767,24.583795937733534,24.716537475585938,48971100
2019-07-02 04:00:00,24.681141719322753,24.760786988931716,24.521851180104825,24.65459442138672,56626800
2019-07-03 04:00:00,24.734239084366184,24.8581309727636,24.66344347843903,24.849281311035156,23706800
2019-07-05 04:00:00,24.928926031773546,25.017420959216086,24.8050341460942,24.920076370239258,40683100
2019-07-08 04:00:00,24.78733487824092,24.89352744108824,24.725388935263258,24.796184539794922,26286700
2019-07-09 04:00:00,24.628040617243226,24.884675699752204,24.610341296815,24.84042739868164,25895800
2019-07-10 04:00:00,24.849282461831542,24.982024018104802,24.716540905558283,24.751937866210938,36566700
2019-07-11 04:00:00,24.78733352024106,24.928924721547165,24.743085214895242,24.893526077270508,40907500
2019-07-12 04:00:00,24.928926844455095,25.061668395996094,24.866980899595987,25.061668395996094,31109900
2019-07-15 04:00:00,25.07051724052147,25.088216563590045,24.849280765865295,24.920076370239258,28346100
2019-07-16 04:00:00,24.9643239754942,25.008572284912375,24.80503512529001,24.858131408691406,47287700
2019-07-17 04:00:00,24.769636212976167,24.849281481177087,24.61034567657433,24.64574432373047,35062600
2019-07-18 04:00:00,24.610346534335694,24.875831333558683,24.583799235943715,24.83158302307129,46369800
2019-07-19 04:00:00,24.89352991044321,24.937778222602503,24.707692063075733,24.725391387939453,29338500
2019-07-22 04:00:00,24.67228819829857,24.82272905204003,24.628041583392324,24.77848243713379,26683300
2019-07-23 04:00:00,24.840434619568587,25.07052078831917,24.831584956781956,25.035123825073242,45307600
2019-07-24 04:00:00,24.98202613414522,25.291757583618164,24.96432680836948,25.291757583618164,36374200
2019-07-25 04:00:00,25.282907289455032,25.318305940122656,25.061670786484093,25.11476707458496,34180400
2019-07-26 04:00:00,25.167860748590595,25.406794848153268,25.11476278166531,25.389097213745117,33642800
2019-07-29 04:00:00,25.344849282793973,25.41564488517439,25.16786112079308,25.194408416748047,35955100
2019-07-30 04:00:00,24.999723370617666,25.150164251337404,24.946627085628485,25.123615264892578,30726100
2019-07-31 04:00:00,25.123611495437604,25.247505059024444,24.955473003548672,24.999719619750977,64485400
2019-08-01 04:00:00,24.982016909981688,25.150157066967214,24.397952878242478,24.433351516723633,107976300
2019-08-02 04:00:00,24.389106590389666,24.548397109776644,24.097074534146945,24.42450523376465,66036400
2019-08-05 04:00:00,23.884688116099863,23.99973202099144,23.433365533318028,23.610355377197266,85527900
2019-08-06 04:00:00,23.760796746727227,24.008580507981705,23.530710619919294,23.990882873535156,53445000
2019-08-07 04:00:00,23.539560701920017,23.778496494172927,23.220979645582805,23.67230224609375,82354600
2019-08-08 04:00:00,23.90239022231493,24.132476370999207,23.787346304022574,24.123626708984375,66653200
2019-08-09 04:00:00,23.990887170821757,24.167875362291614,23.805047628692737,24.043983459472656,53782700
2019-08-12 04:00:00,23.760791074950948,23.8492859776608,23.513005684943348,23.58380126953125,56837600
2019-08-13 04:00:00,23.53956054454648,24.04397942177457,23.451065619722183,23.875839233398438,72255900
2019-08-14 04:00:00,23.34487040703814,23.46876397182925,22.973193088465273,22.99089241027832,92067300
2019-08-15 04:00:00,23.10593605041504,23.25637690830825,22.93779587091081,23.10593605041504,59504500
2019-08-16 04:00:00,23.220979857367258,23.57495787435907,23.220979857367258,23.513011932373047,48451800
2019-08-19 04:00:00,23.87584311983193,23.920091433396827,23.707704591987046,23.751951217651367,38297700
2019-08-20 04:00:00,23.619206290227208,23.663452909592394,23.40681947905372,23.433366775512695,40579300
2019-08-21 04:00:00,23.583808846963134,23.619207494580543,23.477616279911754,23.539562225341797,44913500
2019-08-22 04:00:00,23.663451987281157,23.760796571570843,23.51301112424267,23.698850631713867,43896700
2019-08-23 04:00:00,23.530713082940153,23.707702949133868,22.937799225461802,23.097089767456055,86245300
2019-08-26 04:00:00,23.247527535953704,23.3360224572066,23.105936337109164,23.318323135375977,34175500
2019-08-27 04:00:00,23.406821074074966,23.477616682623715,23.0351437072189,23.176734924316406,54240800
2019-08-28 04:00:00,23.0528415990171,23.42451896999394,23.035143962609034,23.389122009277344,51870400
2019-08-29 04:00:00,23.601509894982367,23.822746395052356,23.557263270128587,23.743101119995117,49818300
2019-08-30 04:00:00,23.875842563996677,23.946638176151797,23.734251339686434,23.82274627685547,40561000
2019-09-03 04:00:00,23.628058683475793,23.65460598300408,23.371423535365505,23.574960708618164,59997200
2019-09-04 04:00:00,23.75194599015421,23.849290570672117,23.698849713462714,23.805042266845703,43945700
2019-09-05 04:00:00,24.14132244954384,24.495300438091366,24.13247278884263,24.291763305664062,68639200
2019-09-06 04:00:00,24.31831207240448,24.389107674400844,24.194420190885918,24.282915115356445,35660800
2019-09-09 04:00:00,24.451055572441348,24.75193732698623,24.397959288668847,24.65459442138672,67797700
2019-09-10 04:00:00,24.73423407447288,24.849276277840175,24.5129976397742,24.74308204650879,77540100
2019-09-11 04:00:00,24.760786218828425,24.911227091421893,24.539549740773346,24.884679794311523,53285900
2019-09-12 04:00:00,24.813884564615293,25.114764626458186,24.734239296277337,25.01742172241211,72872200
2019-09-13 04:00:00,25.21210479736328,25.309449372240007,25.097062589881784,25.21210479736328,56248700
2019-09-16 04:00:00,24.999723370617666,25.159013913485676,24.964324722024568,25.123615264892578,36693600
2019-09-17 04:00:00,25.035115725262322,25.150157928466797,24.94662081392809,25.150157928466797,40868800
2019-09-18 04:00:00,25.0528174844731,25.300602939449742,24.982021881322677,25.238656997680664,57268900
2019-09-19 04:00:00,25.220959860623132,25.371400741342867,25.114765602744303,25.123615264892578,42335000
2019-09-20 04:00:00,25.16275437095393,25.260593545758166,24.958177849441935,24.975967407226562,82921100
2019-09-23 04:00:00,24.851439652668745,25.091591855735754,24.806965765800545,25.020435333251953,35827300
2019-09-24 04:00:00,25.091589766524724,25.14495842632291,24.709124550335464,24.78028106689453,61659700
2019-09-25 04:00:00,24.833649739047974,25.02932974892431,24.73580888585716,24.9848575592041,53544400
2019-09-26 04:00:00,24.94928349261381,24.975967829742164,24.83365475806887,24.869232177734375,53107500
2019-09-27 04:00:00,25.073799516712906,25.162745578048998,24.833645660056963,24.967063903808594,73386900
2019-09-30 04:00:00,25.02932770800336,25.05601203756279,24.887014676696708,24.904804229736328,30608000
2019-10-01 04:00:00,25.020438460748554,25.03822801771949,24.380029678344727,24.380029678344727,54786200
2019-10-02 04:00:00,24.228824949950216,24.23771972957846,23.828570045713835,23.88193702697754,78141700
2019-10-03 04:00:00,23.846350493127794,23.979768753051758,23.526147008611332,23.979768753051758,81128700
2019-10-04 04:00:00,24.006455142371845,24.442289066968925,23.988665587121673,24.42449951171875,40697200
2019-10-07 04:00:00,24.326658772672445,24.522338778213616,24.273291806889446,24.29997444152832,36922900
2019-10-08 04:00:00,24.059823858148203,24.068718636418975,23.801882074317838,23.819671630859375,60008900
2019-10-09 04:00:00,23.9708738215745,24.15765903174275,23.953084269223687,24.042030334472656,45131000
2019-10-10 04:00:00,24.10429524012906,24.468972628738502,24.10429524012906,24.291080474853516,54305400
2019-10-11 04:00:00,24.673543795779793,24.89590810723762,24.584597731895652,24.59349250793457,78702500
2019-10-14 04:00:00,24.51344748980169,24.682444884754883,24.48676485136547,24.629077911376953,35821000
2019-10-15 04:00:00,24.771387994837564,25.13606537936023,24.67354714164675,24.9848575592041,65130200
2019-10-16 04:00:00,24.984861546627457,25.047123300774444,24.86033803833348,24.92259979248047,44595200
2019-10-17 04:00:00,25.056012615547324,25.127169132842067,24.87812047405787,24.940383911132812,32013600
2019-10-18 04:00:00,24.869227436203854,25.100486557707843,24.869227436203854,25.002647399902344,40523700
2019-10-21 04:00:00,25.21611861981224,25.385116007472103,25.2072238418822,25.349536895751953,44145400
2019-10-22 04:00:00,25.305063773117578,25.447376821759978,25.198328138383097,25.278379440307617,50423000
2019-10-23 04:00:00,25.225013963825692,25.385116577148438,25.216119185696044,25.385116577148438,30615400
2019-10-24 04:00:00,25.411798644756793,25.456272534406978,25.251696035026963,25.349536895751953,33469600
2019-10-25 04:00:00,25.322856020837584,25.554115189090226,25.109386410874915,25.474063873291016,28330200
2019-10-28 04:00:00,25.571899985504416,25.723107809800656,25.563005208015774,25.607479095458984,50104600
2019-10-29 04:00:00,25.554112165530746,25.794266084513385,25.52742952775853,25.669742584228516,48458100
2019-10-30 04:00:00,25.66974420818945,25.723111183615515,25.4740624707846,25.651954650878906,51106700
2019-10-31 04:00:00,25.563006996627013,25.571901774738013,25.322853077146426,25.527429580688477,56795500
2019-11-01 04:00:00,25.723110707112156,25.92768552287711,25.669743732674675,25.901002883911133,42302300
2019-11-04 05:00:00,26.123361587524414,26.16783377382031,26.05220507154788,26.123361587524414,37319100
2019-11-05 05:00:00,26.20341520184198,26.34572995212413,26.15894300872629,26.22120475769043,39516100
2019-11-06 05:00:00,26.203414062083105,26.35462188720703,26.167836648439128,26.35462188720703,40179900
2019-11-07 05:00:00,26.514729111188565,26.71041085810502,26.452467354080838,26.550308227539062,61738600
2019-11-08 05:00:00,26.523618983933822,26.550303316260628,26.36351638298367,26.54140853881836,53808800
2019-11-11 05:00:00,26.38130881046881,26.523621872030574,26.345731393331125,26.47025489807129,19702400
2019-11-12 05:00:00,26.479148127604404,26.585882069279652,26.407991600985767,26.505830764770508,44640600
2019-11-13 05:00:00,26.301256748581068,26.42578024975759,26.19452280371704,26.336835861206055,43495400
2019-11-14 05:00:00,26.265681870093548,26.39020538330078,26.212313195999908,26.39020538330078,46158400
2019-11-15 05:00:00,26.479146671501976,26.505829307200788,26.38130581659214,26.46135711669922,30097000
2019-11-18 05:00:00,26.461357762240446,26.523619509063685,26.38130646018047,26.514724731445312,25440500
2019-11-19 05:00:00,26.57698542695263,26.657036725845987,26.496935824564563,26.568092346191406,30770900
2019-11-20 05:00:00,26.46136064787495,26.51472762289953,26.256785829859435,26.443571090698242,46719500
2019-11-21 05:00:00,26.49693667744661,26.541408868705368,26.32793929695369,26.416885375976562,37192700
2019-11-22 05:00:00,26.452469075324867,26.639256055307797,26.452469075324867,26.612571716308594,35195000
2019-11-25 05:00:00,26.648144736075718,26.81714212880672,26.639251654384246,26.781564712524414,50094100
2019-11-26 05:00:00,26.781565240268026,26.781565240268026,26.62146262257907,26.754880905151367,33516200
2019-11-27 05:00:00,26.82603321205908,26.87050540041285,26.737087138846295,26.86161231994629,31012300
2019-11-29 05:00:00,26.808249614972652,26.89719570794947,26.763777416737053,26.8171443939209,19444200
2019-12-02 05:00:00,26.861611199017954,26.91497816211654,26.621457320316573,26.64813995361328,52427800
2019-12-03 05:00:00,26.33683985451108,26.34573463401599,26.10558067690055,26.274578094482422,66912000
2019-12-04 05:00:00,26.30125813669181,26.594779045317342,26.28346857944043,26.523622512817383,41793900
2019-12-05 05:00:00,26.6303520969172,26.69261383661641,26.532511250815485,26.64813995361328,44933500
2019-12-06 05:00:00,26.941663581269648,27.092869700078598,26.932768804309372,27.003925323486328,40811300
2019-12-09 05:00:00,26.950558730551766,27.05729436576325,26.93277087177099,26.941665649414062,21627500
2019-12-10 05:00:00,26.87050450780982,27.00392446144958,26.799347990904366,26.9505558013916,37362100
2019-12-11 05:00:00,26.94166479147828,26.986136981772088,26.861613491745178,26.888296127319336,24490200
2019-12-12 05:00:00,26.923877389733263,27.493129614239894,26.90608783359107,27.41307830810547,68427500
2019-12-13 05:00:00,27.386397181130846,27.546498105725995,27.15513802804157,27.31523895263672,48135700
2019-12-16 05:00:00,27.53760180808993,27.590970476516514,27.386395670397626,27.41307830810547,45914900
2019-12-17 05:00:00,27.43086935590399,27.608761533988588,27.421974577349204,27.51981544494629,30911900
2019-12-18 05:00:00,27.608758928524914,27.608758928524914,27.40418243408203,27.40418243408203,39079700
2019-12-19 05:00:00,27.41307802336464,27.475339772710157,27.368605829976538,27.395288467407227,36946900
2019-12-20 05:00:00,27.534750364187374,27.60626912986805,27.39171283282603,27.427473068237305,97416000
2019-12-23 05:00:00,27.498988508538574,27.507928566310298,27.32913082115921,27.364891052246094,38293100
2019-12-24 05:00:00,27.418533009384486,27.436413127090123,27.35595430255663,27.427473068237305,12315900
2019-12-26 05:00:00,27.45429338742719,27.579452514648438,27.45429338742719,27.579452514648438,15891300
2019-12-27 05:00:00,27.62415002102072,27.63309008012385,27.490052544757603,27.507932662963867,19417400
2019-12-30 05:00:00,27.633089306426506,27.67778789554872,27.40065289167885,27.427473068237305,18819300
2019-12-31 05:00:00,27.409597202967475,27.52581628094294,27.373838667150356,27.516876220703125,15788100
2020-01-02 05:00:00,27.615208898479693,27.785066604614258,27.534750074791837,27.785066604614258,28843300
2020-01-03 05:00:00,27.427474466860918,27.606270537609106,27.347015638224548,27.490053176879883,51363600
2020-01-06 05:00:00,27.23973725884375,27.490053809824985,27.230797199329206,27.4721736907959,27956100
2020-01-07 05:00:00,27.409592367589994,27.45429095576157,27.29337501525879,27.29337501525879,39627500
2020-01-08 05:00:00,27.320196089332647,27.624151292259146,27.320196089332647,27.4721736907959,47966600
2020-01-09 05:00:00,27.66884898461207,27.69566745548855,27.561569985680624,27.64202880859375,27705300
2020-01-10 05:00:00,27.659911087487394,27.66885114685881,27.400654481142265,27.43641471862793,33458200
2020-01-13 05:00:00,27.498995705928465,27.65097331754192,27.427476930177555,27.62415313720703,27542700
2020-01-14 05:00:00,27.62414377956956,27.785061396784037,27.534744913879123,27.570505142211914,37575400
2020-01-15 05:00:00,27.436411534514445,27.525810412711504,27.32913253964962,27.41853141784668,41457300
2020-01-16 05:00:00,27.552631198145615,27.659910202026367,27.490052489690978,27.659910202026367,34444000
2020-01-17 05:00:00,27.74036407470703,27.802942771986206,27.633085089984434,27.74036407470703,38819400
2020-01-21 05:00:00,27.606269902814457,27.731429025116366,27.507932662963867,27.507932662963867,41276500
2020-01-22 05:00:00,27.59732850110899,27.659907202778026,27.552628210529864,27.588388442993164,27391000
2020-01-23 05:00:00,27.44535744392674,27.579454937239696,27.25761958917489,27.516876220703125,43072300
2020-01-24 05:00:00,27.525812241873652,27.525812241873652,26.998360701116432,27.168216705322266,58924900
2020-01-27 05:00:00,26.631829507452238,26.873204302380984,26.59606926811935,26.748046875,50289300
2020-01-28 05:00:00,26.891080181706773,27.177155230691667,26.846381594731056,27.060937881469727,34257900
2020-01-29 05:00:00,27.15034026211377,27.248677507171156,26.971542480867953,27.0162410736084,41167500
2020-01-30 05:00:00,26.774863055323227,27.37383333354855,26.75698293832741,27.355953216552734,51210000
2020-01-31 05:00:00,27.12351357965446,27.159272104244167,26.685460996295543,26.783798217773438,58958800
2020-02-03 05:00:00,26.971540451049805,27.23973539759276,26.953660333242436,26.971540451049805,40168200
2020-02-04 05:00:00,27.338075821479183,27.49005342079168,27.221858459718796,27.230796813964844,79273300
2020-02-05 05:00:00,27.597327009646513,27.80294321977301,27.53474660621782,27.776123046875,51086900
2020-02-06 05:00:00,27.92810016654456,27.954920339010613,27.686723729774922,27.74036407470703,37044400
2020-02-07 05:00:00,27.588390161698946,27.722487631506873,27.525811456131372,27.64202880859375,27982500
2020-02-10 05:00:00,27.552630694092336,27.722488403320312,27.543690635170663,27.722488403320312,17723700
2020-02-11 05:00:00,27.7940054017231,27.94598298344125,27.7940054017231,27.820825576782227,27997400
2020-02-12 05:00:00,27.963866095421732,28.053263278244128,27.802948438114274,27.838706970214844,26964200
2020-02-13 05:00:00,27.74930820091234,27.892345731420804,27.668849376858592,27.82976531982422,22758700
2020-02-14 05:00:00,27.802947491439127,27.883406317353277,27.73142872453121,27.86552619934082,22080200
2020-02-18 05:00:00,27.785070808932115,27.856589584683025,27.46323546548195,27.62415313720703,37768900
2020-02-19 05:00:00,27.7224880245138,27.90128408507845,27.686727789315754,27.82976531982422,25643300
2020-02-20 05:00:00,27.731424463853287,27.963860846877797,27.588386952013842,27.776123046875,50344300
2020-02-21 05:00:00,27.642030139226982,27.704608847806973,27.355955068494488,27.507932662963867,51128200
2020-02-24 05:00:00,26.640769205079614,26.873205657034106,26.488791590537915,26.613950729370117,70455400
2020-02-25 05:00:00,26.622886980108575,26.676525628994412,25.585864007558925,25.711021423339844,111826900
2020-02-26 05:00:00,25.880880470186767,26.12225525520442,25.523284912109375,25.523284912109375,95015700
2020-02-27 05:00:00,24.97795264381579,25.38024505218628,24.41474088489853,24.432621002197266,143536200
2020-02-28 05:00:00,23.601216574650433,24.003510726860853,23.2168025414587,23.771074295043945,192063500
2020-03-02 05:00:00,23.815772412314423,24.986894607543945,23.565457571614715,24.986894607543945,127115500
2020-03-03 05:00:00,24.90643515439467,25.255088933853788,23.80683175623406,24.048208236694336,256525000
2020-03-04 05:00:00,24.37004203176223,24.852793257585127,23.958807864072828,24.843854904174805,124408000
2020-03-05 05:00:00,24.021391882339156,24.08397059646266,23.377721211029797,23.645917892456055,130265700
2020-03-06 05:00:00,22.573134598051087,23.100586196357508,22.376458395602384,22.84132957458496,160606600
2020-03-09 04:00:00,20.56166142194558,21.3483677173925,20.13254889715635,20.391803741455078,134165700
2020-03-10 04:00:00,21.339437317098174,21.607632318746795,20.418631522524695,21.589752197265625,149282300
2020-03-11 04:00:00,20.928198193272358,21.14275448584133,20.13255172851969,20.41862678527832,146915400
2020-03-12 04:00:00,18.720054961876475,19.85541513661025,18.147903140009458,18.21048355102539,161437500
2020-03-13 04:00:00,19.578280402164044,20.64212353185943,18.684294980100464,20.60636329650879,160945700
2020-03-16 04:00:00,17.29861890370258,19.07764975540191,16.92314494421405,17.781370162963867,110661600
2020-03-17 04:00:00,18.192601992845066,18.94354981414712,17.4684743455687,18.746871948242188,122295100
2020-03-18 04:00:00,17.566811038298773,17.924404822040458,16.342052115840794,17.15557861328125,145056400
2020-03-19 04:00:00,16.79798581704021,17.781368353854386,16.19007549637138,17.53105354309082,105652800
2020-03-20 04:00:00,17.71879248340803,17.808191375174232,16.690709490951807,16.90526580810547,157840900
2020-03-23 04:00:00,16.624878760027226,16.769129193205703,15.768390308379308,15.921656608581543,144547900
2020-03-24 04:00:00,16.868299312852816,17.995256831443218,16.751096487543723,17.896085739135742,158551100
2020-03-25 04:00:00,18.15754301660253,19.140250328346074,17.481368355472632,18.3829345703125,162949600
2020-03-26 04:00:00,18.626355734253522,19.672172286487633,18.59930813184025,19.536937713623047,129753900
2020-03-27 04:00:00,18.74355825661919,19.536935592321264,18.527180900008826,18.94190216064453,109305600
2020-03-30 04:00:00,18.968946167620025,19.41071322446588,18.572256715097073,19.30252456665039,67297200
2020-03-31 04:00:00,19.12221724335796,19.33859463291534,18.60832481226135,18.770606994628906,83819900
2020-04-01 04:00:00,17.778878527232116,17.977224121294835,17.463331845042248,17.625612258911133,79185000
2020-04-02 04:00:00,17.51742887139232,18.21163515229606,17.45431952214667,18.067384719848633,68398300
2020-04-03 04:00:00,17.896086355634615,18.157539614761976,17.45431919948091,17.706756591796875,68418100
2020-04-06 04:00:00,18.590292449590663,19.131230696401808,18.455056168287125,18.977964401245117,69015100
2020-04-07 04:00:00,20.01476607812947,20.032796091404375,19.158277682146185,19.167293548583984,70950900
2020-04-08 04:00:00,19.45579111857787,20.131965511095082,19.23941551932441,20.005746841430664,80003400
2020-04-09 04:00:00,20.52865545041748,21.331048531395446,20.492591989896905,21.078609466552734,147845500
2020-04-13 04:00:00,21.01550491381928,21.03353664818398,20.131970565159204,20.312284469604492,66236300
2020-04-14 04:00:00,20.799128664080474,20.862238012947174,20.023781304630663,20.40243911743164,96169000
2020-04-15 04:00:00,19.591032772960066,19.70823733990058,19.41973643604859,19.51890754699707,63482000
2020-04-16 04:00:00,19.473826302261926,19.509888048733153,18.98697982789504,19.17630958557129,68907600
2020-04-17 04:00:00,19.924608617605156,20.303266400187724,19.762326465126822,20.18606185913086,88698600
2020-04-20 04:00:00,19.789375967006805,20.1590179189357,19.60906206477772,19.834453582763672,59063100
2020-04-21 04:00:00,19.230403406657672,19.57299774242284,19.122214726120873,19.1943416595459,71957900
2020-04-22 04:00:00,19.591034788335747,19.64513000307367,19.356627349941707,19.40170669555664,47507800
2020-04-23 04:00:00,19.455796937702196,19.70823607213462,19.293514759824273,19.3205623626709,71740200
2020-04-24 04:00:00,19.527920941012155,19.68118724171487,19.230404206659923,19.600046157836914,33825300
2020-04-27 04:00:00,19.798391391658694,20.3753948842534,19.762329640647046,20.2672061920166,109435100
2020-04-28 04:00:00,20.880271115622982,21.03353742417569,20.438503924994794,20.48358154296875,46452300
2020-04-29 04:00:00,21.11467292707331,21.331048531395446,20.89829732275118,21.078609466552734,70064400
2020-04-30 04:00:00,20.65488077910414,20.88027232118917,20.44752097309015,20.546693801879883,56745700
2020-05-01 04:00:00,20.059845939660168,20.11393942475078,19.7533133248119,19.888547897338867,37534300
2020-05-04 04:00:00,19.627086105356014,19.735273028604933,19.32956948702127,19.708227157592773,50177200
2020-05-05 04:00:00,19.978706779901056,20.086895480121925,19.64512825012207,19.64512825012207,65123000
2020-05-06 04:00:00,19.825437183944047,19.879530665321578,19.203356129499745,19.22138786315918,63738400
2020-05-07 04:00:00,19.473824841969236,19.99673302359579,19.473824841969236,19.672168731689453,61339000
2020-05-08 04:00:00,20.050827878991708,20.122953091090213,19.843468109158596,20.09590721130371,42218300
2020-05-11 04:00:00,19.816414080841696,19.87952340600359,19.600038514743712,19.708227157592773,54994900
2020-05-12 04:00:00,19.78937510349643,19.861500317320715,19.176309926189642,19.1943416595459,62202700
2020-05-13 04:00:00,19.03205572490162,19.05910159997266,18.482100003785153,18.62635040283203,86848300
2020-05-14 04:00:00,18.301788322321453,19.12221320934686,18.112460295900483,19.104183197021484,103763100
2020-05-15 04:00:00,18.923870920484152,19.140246563128763,18.752572891873555,18.977964401245117,70285000
2020-05-18 04:00:00,19.681187208812254,20.10492264199922,19.545952642442018,19.951656341552734,79548500
2020-05-19 04:00:00,19.834451327625953,19.93362413453628,19.45579355167816,19.46480941772461,56673200
2020-05-20 04:00:00,19.789371272289127,20.01476273680449,19.7713395424238,19.897558212280273,50402600
2020-05-21 04:00:00,19.834453582763672,20.02378163246348,19.726264897506056,19.834453582763672,49939900
2020-05-22 04:00:00,19.825434626932875,19.852482223933524,19.563981400995434,19.762325286865234,37584500
2020-05-26 04:00:00,20.510630325801788,21.0064910304533,20.492598589734207,20.790115356445312,108349200
2020-05-27 04:00:00,21.71872278235511,21.7277386477544,21.222862222597428,21.691675186157227,121521200
2020-05-28 04:00:00,21.93510245684194,21.944118323911514,21.285975504239754,21.349084854125977,101590100
2020-05-29 04:00:00,21.096643618698117,21.294989235130394,20.889283855701326,21.10565948486328,86969000
2020-06-01 04:00:00,21.18680268607523,21.448257672290506,21.04255225216363,21.349084854125977,52619200
2020-06-02 04:00:00,21.5384119412228,21.673648221621864,21.367115633358605,21.520381927490234,52572800
2020-06-03 04:00:00,21.99821432847457,22.421951531315347,21.944120839456964,22.322778701782227,77622900
2020-06-04 04:00:00,22.286713537828465,22.809621810913086,22.106401348254977,22.809621810913086,97575100
2020-06-05 04:00:00,24.1439356494113,24.189013256997452,23.575948164062957,23.657089233398438,135859300
2020-06-08 04:00:00,24.04476647599469,24.161969305157285,23.77429735048055,24.10787582397461,80298400
2020-06-09 04:00:00,23.539889217086554,23.801342467412614,23.368591192638007,23.593982696533203,92833100
2020-06-10 04:00:00,23.45874502902531,23.584963704206075,22.692413673426774,22.710445404052734,110848900
2020-06-11 04:00:00,21.63758708926961,21.96215144588095,20.81716204970288,20.85322380065918,233116600
2020-06-12 04:00:00,21.69168332476956,21.69168332476956,20.934367543092716,21.484323501586914,127502900
2020-06-15 04:00:00,20.745031312871635,21.85395694367118,20.699951986659986,21.781831741333008,92469500
2020-06-16 04:00:00,22.647339848378216,22.647339848378216,21.59250750501807,22.124431610107422,108121300
2020-06-17 04:00:00,22.187537254107,22.187537254107,21.75478431706676,21.790847778320312,56320900
2020-06-18 04:00:00,21.574473549815163,21.971163050979833,21.511364208184542,21.76380157470703,61206500
2020-06-19 04:00:00,22.17852625451213,22.187542121803496,21.37613126158896,21.61955451965332,99903900
2020-06-22 04:00:00,21.48527091125079,21.666733307320513,21.34917368155596,21.512489318847656,47929500
2020-06-23 04:00:00,21.839120593122445,21.975217801246192,21.594144580157767,21.61229133605957,47218900
2020-06-24 04:00:00,21.33102790091032,21.34010128071539,20.78663722659784,20.850149154663086,90217500
2020-06-25 04:00:00,20.777564657766124,21.448979214415214,20.74127286769958,21.403614044189453,110208900
2020-06-26 04:00:00,21.040686727144514,21.104198655383975,20.43278412309929,20.48722267150879,123959100
2020-06-29 04:00:00,20.70497691387581,20.85014751822261,20.5325861722502,20.71405029296875,69107100
2020-06-30 04:00:00,20.605168951384247,21.140486138328917,20.587023925990284,20.995315551757812,60653100
2020-07-01 04:00:00,21.086050580518027,21.185856021852132,20.750344200599915,20.81385612487793,60500300
2020-07-02 04:00:00,21.276587530359567,21.34917283201312,20.795708825298483,20.841073989868164,50841900
2020-07-06 04:00:00,21.303801597800096,21.46711892589929,21.122339245910794,21.24028968811035,60271700
2020-07-07 04:00:00,21.06790201387722,21.076975392362534,20.750342419741102,20.804780960083008,43810900
2020-07-08 04:00:00,20.795704183391063,21.076971948194203,20.723118897939617,21.022533416748047,53046100
2020-07-09 04:00:00,21.013465157396944,21.058830322888756,20.405562594727915,20.577953338623047,71163700
2020-07-10 04:00:00,20.568878288829044,21.31287801811681,20.568878288829044,21.28565788269043,94440600
2020-07-13 04:00:00,21.557862264099608,21.693959531978095,21.249374200604013,21.37639808654785,102487100
2020-07-14 04:00:00,21.28565867377014,21.54878146762743,21.09512291041422,21.48526954650879,102468300
2020-07-15 04:00:00,22.002444723416673,22.011518104166946,21.67580993868857,21.911712646484375,90561800
2020-07-16 04:00:00,21.72117684243993,22.138541973529907,21.639518146257906,21.911712646484375,74678500
2020-07-17 04:00:00,21.95707486889453,21.97521989595605,21.72117221139417,21.73024559020996,47033200
2020-07-20 04:00:00,21.612289189504068,21.75745976116022,21.548777280725716,21.630435943603516,40127600
2020-07-21 04:00:00,21.77560933356484,22.16575594434907,21.748389198892703,22.05687713623047,46491300
2020-07-22 04:00:00,21.948000058681814,22.07502389267856,21.875414763459396,22.05687713623047,44437400
2020-07-23 04:00:00,22.011511734819653,22.202047483729835,21.938926440391498,22.075023651123047,49916100
2020-07-24 04:00:00,22.09317322482725,22.211123694351034,21.94800261745791,22.020587921142578,41245600
2020-07-27 04:00:00,21.920781451352877,21.938928209065352,21.648587007945988,21.839122772216797,43060200
2020-07-28 04:00:00,21.757464997187878,21.884490575883557,21.684879693891837,21.784685134887695,35370500
2020-07-29 04:00:00,21.74838894618355,22.22019422493202,21.71209716427901,22.192974090576172,36491600
2020-07-30 04:00:00,21.775617351250233,21.83912929163342,21.51249447758208,21.793764114379883,53994600
2020-07-31 04:00:00,21.784688703038704,21.830053876065367,21.512492473167462,21.80283546447754,50115900
2020-08-03 04:00:00,21.893560950100934,22.038733278812533,21.73931697325427,21.866342544555664,42982100
2020-08-04 04:00:00,21.775609970092773,21.811903484049857,21.657659510872236,21.775609970092773,30754400
2020-08-05 04:00:00,21.920779684141976,22.12946218930168,21.893559549767694,22.075023651123047,34860700
2020-08-06 04:00:00,22.002442280743526,22.156686275233405,21.911710213884145,22.065954208374023,33115400
2020-08-07 04:00:00,21.957073600091526,22.55590272276948,21.91170670863413,22.537755966186523,63302800
2020-08-10 04:00:00,22.66477918069868,22.782731364689113,22.564975483364368,22.701072692871094,45436100
2020-08-11 04:00:00,23.127518368634046,23.336200937704728,22.909762418659792,22.964200973510742,73758600
2020-08-12 04:00:00,23.3724877371675,23.381561115460702,22.737365101203128,22.90068244934082,58793600
2020-08-13 04:00:00,22.728292102214958,22.91882958841207,22.619415022019453,22.755512237548828,35222500
2020-08-14 04:00:00,22.646635833505403,22.955123811126533,22.619417425848944,22.84624671936035,28276900
2020-08-17 04:00:00,22.764588323314534,22.782735082361917,22.456100341789785,22.465173721313477,53397000
2020-08-18 04:00:00,22.483318961425468,22.53775750431965,22.301854844351432,22.32000160217285,35502500
2020-08-19 04:00:00,22.401660403757543,22.62848968604995,22.247416422575903,22.310928344726562,59847200
2020-08-20 04:00:00,22.056880340448473,22.229271090608766,22.038735311934385,22.10224723815918,45586100
2020-08-21 04:00:00,22.065950514454514,22.25648799601958,21.98429184100805,22.05687713623047,35349200
2020-08-24 04:00:00,22.18390584573248,22.5831241607666,22.129465568670398,22.5831241607666,51010900
2020-08-25 04:00:00,22.773658714285478,22.837170632046558,22.501462556005194,22.64663314819336,55236900
2020-08-26 04:00:00,22.59219450536544,22.646633044544355,22.45609729213317,22.537755966186523,30646600
2020-08-27 04:00:00,22.519610850517182,23.0277079578733,22.519610850517182,22.91883087158203,66463900
2020-08-28 04:00:00,23.082146835356497,23.091220213760273,22.819024053357,23.00956153869629,49170600
2020-08-31 04:00:00,22.991417058759463,22.991417058759463,22.737367630004883,22.737367630004883,52259000
2020-09-01 04:00:00,22.619416138639778,22.88253720424302,22.546830838069567,22.800878524780273,42036100
2020-09-02 04:00:00,22.791809389655686,23.209174481313735,22.728295730404437,23.12751579284668,48432500
2020-09-03 04:00:00,23.263611017638006,23.59931912235818,22.628490055200263,22.77366065979004,98405500
2020-09-04 04:00:00,23.181951570661177,23.30897714340985,22.583122413861894,22.9460506439209,111105500
2020-09-08 04:00:00,22.719222886312533,22.773661432237642,22.27463594778526,22.356294631958008,84687600
2020-09-09 04:00:00,22.5649791323161,22.746441530812465,22.419806790720738,22.5831241607666,52321200
2020-09-10 04:00:00,22.65570694968157,22.809950923083655,22.22019516498274,22.265562057495117,55515300
2020-09-11 04:00:00,22.3018550608891,22.53775772314779,22.22926975946874,22.4198055267334,69285700
2020-09-14 04:00:00,22.619411586852145,22.927899484839912,22.555899677955207,22.728288650512695,51021000
2020-09-15 04:00:00,22.773660385406483,22.791807143404096,22.40166049930588,22.4198055267334,48459900
2020-09-16 04:00:00,22.465172303714823,22.92790424680261,22.41980540895911,22.67385482788086,62119900
2020-09-17 04:00:00,22.365370543349016,22.57405310182862,22.301858610817867,22.437955856323242,47334200
2020-09-18 04:00:00,22.437954738476733,22.619418877157038,22.34722266913658,22.392589569091797,61707200
2020-09-21 04:00:00,21.922747353491705,22.050469832110334,21.493961763692134,21.83151626586914,72307300
2020-09-22 04:00:00,21.776775870663492,21.986606130635806,21.466591251535693,21.649051666259766,84561500
2020-09-23 04:00:00,21.69467326046872,21.8497656071028,21.16553497314453,21.16553497314453,54282500
2020-09-24 04:00:00,21.174654176662756,21.512208684412975,20.92833249812967,21.21114730834961,56512300
2020-09-25 04:00:00,21.05605736034768,21.503087833542093,21.01044268066828,21.430103302001953,46026600
2020-09-28 04:00:00,21.731167737513317,22.09609044601828,21.731167737513317,21.940998077392578,62803500
2020-09-29 04:00:00,21.877131466501957,21.913624598465148,21.54870197927475,21.667301177978516,53250800
2020-09-30 04:00:00,21.758534837826105,22.141704068256463,21.749411553757703,21.95924186706543,66732200
2020-10-01 04:00:00,22.050473133189843,22.196442199203027,21.82239625003318,21.99573516845703,65766100
2020-10-02 04:00:00,21.70379404395075,22.296793510378677,21.649054346676824,22.169069290161133,63368100
2020-10-05 04:00:00,22.378902338829285,22.60697920096134,22.324162639053966,22.533994674682617,58911700
2020-10-06 04:00:00,22.725582216047773,22.880674577919216,22.22381373121651,22.30592155456543,88404900
2020-10-07 04:00:00,22.515750337491337,22.78944190311407,22.515750337491337,22.67996597290039,53815200
2020-10-08 04:00:00,22.807692034049502,23.044892240014274,22.75295406039265,22.990154266357422,57646300
2020-10-09 04:00:00,23.117873384208178,23.145243237054817,22.83505853181378,23.017518997192383,52031600
2020-10-12 04:00:00,22.999271184147744,23.345949007759053,22.999271184147744,23.272964477539062,45931400
2020-10-13 04:00:00,23.19997744359402,23.272961965937576,22.752947026728712,22.825931549072266,60377800
2020-10-14 04:00:00,22.84418144468116,22.92628752170904,22.579611425064176,22.60698127746582,48982200
2020-10-15 04:00:00,22.397148092668353,22.789440590192182,22.36065669806228,22.780317306518555,41637200
2020-10-16 04:00:00,22.82593285351609,22.944532056568907,22.689087083812574,22.79856300354004,40103600
2020-10-19 04:00:00,22.88067101018672,22.889794293590544,22.415393997122006,22.451887130737305,42989000
2020-10-20 04:00:00,22.597852713031862,22.89891405874871,22.588729431029762,22.63434410095215,67293900
2020-10-21 04:00:00,22.59786061901505,22.74382970194049,22.5157527923584,22.5157527923584,44307200
2020-10-22 04:00:00,22.506626245716607,22.990149850394907,22.497502961844734,22.962779998779297,39511800
2020-10-23 04:00:00,23.108745398838273,23.18172991815995,22.853298711168318,23.0357608795166,45092700
2020-10-26 04:00:00,22.70733656116477,22.74382970194049,22.305922453164168,22.5157527923584,54015100
2020-10-27 04:00:00,22.506627062420797,22.506627062420797,22.08696468952871,22.10521125793457,46083300
2020-10-28 04:00:00,21.639935859910462,21.831521362654204,21.411858957651372,21.539583206176758,89288300
2020-10-29 04:00:00,21.484842942271612,21.858888913115727,21.211151362659837,21.703798294067383,60908400
2020-10-30 04:00:00,21.57606896627695,21.804145808922772,21.411853361157846,21.767654418945312,66221600
2020-11-02 05:00:00,22.132579368684322,22.278548424266194,21.85888608440201,22.178194046020508,65136000
2020-11-03 05:00:00,22.588729603785016,22.898914233876205,22.561359757569395,22.67083740234375,79834200
2020-11-04 05:00:00,22.269428999722052,22.80769063798561,22.06872194853971,22.406274795532227,87397400
2020-11-05 05:00:00,22.597855895176277,23.117870861905715,22.597855895176277,22.953655242919922,65942300
2020-11-06 05:00:00,23.063130457273758,23.09049856414443,22.69820612484179,22.771190643310547,60783500
2020-11-09 05:00:00,24.614056234657813,25.033718594657582,24.32211810948675,24.64142608642578,162966800
2020-11-10 05:00:00,24.66879903206396,24.860382798202018,24.440722125658432,24.76915168762207,85851200
2020-11-11 05:00:00,24.90599111534485,24.9242376808132,24.52282194095086,24.668792724609375,65062400
2020-11-12 05:00:00,24.367732839352517,24.42247254300154,24.039303317900814,24.258256912231445,62733800
2020-11-13 05:00:00,24.486334769156407,24.76002633798629,24.422473519102006,24.6596736907959,45031800
2020-11-16 05:00:00,25.28004057762589,25.29828714567143,24.960734337271433,25.207056045532227,67556100
2020-11-17 05:00:00,24.92423931443779,25.216177420712985,24.750900411303753,25.170562744140625,63679700
2020-11-18 05:00:00,25.28916038094142,25.489869121640556,24.92423777069972,24.933361053466797,71578400
2020-11-19 05:00:00,24.8056402075721,25.042840354863408,24.65054787050041,25.015470504760742,47194800
2020-11-20 05:00:00,24.887747510183466,24.988100145003038,24.741778459456505,24.79651641845703,39974700
2020-11-23 05:00:00,25.115825983835837,25.33477957400005,24.98810175117371,25.261795043945312,51870500
2020-11-24 05:00:00,25.699699997608775,26.17410027190596,25.63583875685498,26.146730422973633,60983200
2020-11-25 05:00:00,26.000763974618103,26.07374850564507,25.74531724597948,26.05550193786621,45204600
2020-11-27 05:00:00,26.0555022096939,26.08287206164773,25.873041750267173,25.9733943939209,26981200
2020-11-30 05:00:00,25.818304145763722,25.891288683486817,25.389520204151616,25.435134887695312,72524200
2020-12-01 05:00:00,25.909532817784264,26.06462516338028,25.809180175402236,25.827425003051758,53972100
2020-12-02 05:00:00,25.79093485314704,26.155857525087246,25.745318431599166,26.11024284362793,57471800
2020-12-03 05:00:00,26.128485160874117,26.27445421562069,25.964269539262123,26.119361877441406,49566000
2020-12-04 05:00:00,26.292698256639436,26.48428371014462,26.274451691526902,26.43866729736328,52713100
2020-12-07 05:00:00,26.28357652899946,26.329192944479434,26.10111608734455,26.256208419799805,34631600
2020-12-08 05:00:00,26.00988542713075,26.31094681393008,26.00988542713075,26.247085571289062,31628500
2020-12-09 05:00:00,26.393057859207666,26.411304427939044,26.08287315112848,26.1832275390625,47589600
2020-12-10 05:00:00,25.982520217568936,26.256213543593944,25.9004123937703,26.228843688964844,41298300
2020-12-11 05:00:00,25.93690533842396,26.028136446413583,25.75444312244471,25.96427345275879,48216300
2020-12-14 05:00:00,26.310949162821522,26.310949162821522,25.644965087126586,25.663209915161133,38302900
2020-12-15 05:00:00,25.86391414932805,26.174098792677807,25.717945110115014,26.10111427307129,38604200
2020-12-16 05:00:00,26.146730422973633,26.16497698892852,26.019007941466047,26.146730422973633,55602800
2020-12-17 05:00:00,26.19234717465426,26.26533344426113,26.07374796671997,26.219717025756836,38510900
2020-12-18 05:00:00,26.25621009736519,26.25621009736519,25.83654774857795,25.991640090942383,56080100
2020-12-21 05:00:00,26.29614924655944,26.4704179032462,25.892580370334986,26.342008590698242,77688100
2020-12-22 05:00:00,26.360358981903467,26.397047865038573,26.06685491451155,26.0851993560791,42317900
2020-12-23 05:00:00,26.24111774887263,26.663029314147224,26.231945530137722,26.516277313232422,52681400
2020-12-24 05:00:00,26.57130785152517,26.580480069906358,26.332835421879594,26.55296516418457,16071000
2020-12-28 05:00:00,26.736405158858425,26.892329377599832,26.589653158798487,26.681373596191406,32824800
2020-12-29 05:00:00,26.791440420419693,26.800612640367508,26.56214016999054,26.589656829833984,23607000
2020-12-30 05:00:00,26.681374258189845,26.79143738625468,26.617170475248376,26.708890914916992,16616700
2020-12-31 05:00:00,26.67220345214817,27.075772358414625,26.598827446410816,27.03908348083496,26239300
2021-01-04 05:00:00,27.139977690565242,27.14914991048258,26.442904721646265,26.672204971313477,47086300
2021-01-05 05:00:00,26.66302958430181,26.910674244387913,26.52544980072793,26.79143714904785,35265400
2021-01-06 05:00:00,27.305068464054663,28.19475261769811,27.305068464054663,27.974624633789062,102254900
2021-01-07 05:00:00,28.387370843327307,28.6717026554117,28.323165305636746,28.378198623657227,64342700
2021-01-08 05:00:00,28.51577797763605,28.524950197163886,27.983801490975562,28.359853744506836,54266400
2021-01-11 05:00:00,28.08469617256829,28.49743558441959,27.965459059568357,28.451576232910156,56590400
2021-01-12 05:00:00,28.616671462305376,28.882658838539744,28.534123233613524,28.745079040527344,60546600
2021-01-13 05:00:00,28.699215440805236,28.800106344714532,28.51577457100723,28.726730346679688,55394700
2021-01-14 05:00:00,28.809277530243484,29.001890611567788,28.699214411848217,28.85513687133789,49828800
2021-01-15 05:00:00,28.433230192255685,28.60749886714316,28.167241070089432,28.378198623657227,68732700
2021-01-19 05:00:00,28.52495224497853,28.5983282570469,28.277307548214473,28.451576232910156,97457200
2021-01-20 05:00:00,28.543293971162175,28.543293971162175,28.231445512169806,28.33233642578125,56113100
2021-01-21 05:00:00,28.3139928124318,28.369024377098402,28.029659271240234,28.029659271240234,43713800
2021-01-22 05:00:00,27.74532691729085,27.937938264432194,27.699467572568206,27.8278751373291,37928000
2021-01-25 05:00:00,27.552716905999734,27.662780038439063,27.277555576057512,27.6260929107666,68321500
2021-01-26 05:00:00,27.736152942253536,27.772841815246064,27.387617395933304,27.405960083007812,55504600
2021-01-27 05:00:00,27.029911175722724,27.057427833820213,26.54379579528754,26.598827362060547,84059200
2021-01-28 05:00:00,26.93819008706977,27.405960987205248,26.85564186953485,27.094114303588867,62985900
2021-01-29 05:00:00,27.020736055672753,27.094113802722262,26.433728074650894,26.55296516418457,78260700
2021-02-01 05:00:00,26.846472947960535,26.93819339531026,26.617172704297236,26.901504516601562,41947400
2021-02-02 05:00:00,27.213352089696475,27.690297000634736,27.20417987032205,27.552717208862305,54263000
2021-02-03 05:00:00,27.516027790089364,27.717811364091457,27.460996224347326,27.70863914489746,46195200
2021-02-04 05:00:00,27.800357863178654,28.332334297482536,27.791185644553536,28.323162078857422,63061800
2021-02-05 05:00:00,28.524949532533928,28.552464441054344,28.268132640004346,28.33233642578125,38461900
2021-02-08 05:00:00,28.424053635452363,28.699214935302734,28.424053635452363,28.699214935302734,48756300
2021-02-09 05:00:00,28.607496465819914,28.800107814457665,28.50660380734002,28.70838737487793,33572000
2021-02-10 05:00:00,28.855139378436753,28.891828254037396,28.57080759021927,28.70838737487793,38899600
2021-02-11 05:00:00,28.72673374387785,28.83679862865719,28.424057497512166,28.616670608520508,31909500
2021-02-12 05:00:00,28.58915274427689,28.937688324105643,28.56163608688702,28.910173416137695,38271800
2021-02-16 05:00:00,29.20368073486566,29.543044133961804,29.0752731513614,29.405466079711914,71330600
2021-02-17 05:00:00,29.313741371049534,29.58890095486121,29.212850456676968,29.552215576171875,60460900
2021-02-18 05:00:00,29.34125972340802,29.53387284273554,29.139476133589632,29.377946853637695,45188200
2021-02-19 05:00:00,29.570561808000917,29.827376968618392,29.53387292824295,29.726484298706055,54361800
2021-02-22 05:00:00,29.62558997772193,30.1117088603126,29.616419507715595,30.00164222717285,65930200
2021-02-23 05:00:00,30.212598298393477,30.22177226732655,29.873234923593422,30.185083389282227,94331400
2021-02-24 05:00:00,30.230944089805565,30.854641049084428,30.21259964996276,30.772092819213867,66000600
2021-02-25 05:00:00,31.01974055344054,31.03808499508387,30.130054377383704,30.212602615356445,92189400
2021-02-26 05:00:00,30.16674038659582,30.258462586073826,29.524698985626394,29.634765625,103105700
2021-03-01 05:00:00,30.139222755399995,30.744575221930905,30.139222755399995,30.561134338378906,67590700
2021-03-02 05:00:00,30.524443126674946,30.698713527196787,30.423550473497787,30.451068878173828,49987000
2021-03-03 05:00:00,30.570309166740643,31.14814324274241,30.533620289229564,30.689542770385742,72541700
2021-03-04 05:00:00,30.606988984487867,30.900492953562498,29.900743965513506,30.34100341796875,101311800
2021-03-05 05:00:00,30.85463853088606,31.00139053880722,30.065845176243368,30.918842315673828,109299800
2021-03-08 05:00:00,31.14814739400767,31.716814574686616,31.019739804449326,31.313243865966797,90538200
2021-03-09 05:00:00,31.06559506194686,31.487510156236443,30.7445761303782,31.02890968322754,117224600
2021-03-10 05:00:00,31.17567337651726,31.781026087767827,31.120640039550754,31.661788940429688,73269300
2021-03-11 05:00:00,31.49668265427606,31.817701606515122,31.313241753491955,31.570056915283203,50904800
2021-03-12 05:00:00,31.936934478676587,32.05617157318958,31.790182477292788,31.891075134277344,68126000
2021-03-15 04:00:00,32.01031386595067,32.01948433576206,31.4141318617378,31.7076358795166,57836400
2021-03-16 04:00:00,31.54254168006908,31.579230559617063,31.129800532264547,31.377445220947266,67373600
2021-03-17 04:00:00,31.606751960020354,31.771848453043255,31.258218029278535,31.588407516479492,64051100
2021-03-18 04:00:00,31.909418318793684,32.3680187424653,31.64342923334169,31.75349235534668,96690500
2021-03-19 04:00:00,31.50585126497597,31.53336967271782,31.056424758371914,31.38661766052246,98510500
2021-03-22 04:00:00,31.157220852069887,31.221709201298037,30.871627080951335,30.982181549072266,68170600
2021-03-23 04:00:00,30.79792899945701,31.009819801342683,30.438635747809492,30.54918670654297,70441900
2021-03-24 04:00:00,30.77029110266472,31.13879545749004,30.65973663330078,30.65973663330078,63357100
2021-03-25 04:00:00,30.64131353787064,31.221712251986464,30.401785862240505,31.175649642944336,60532600
2021-03-26 04:00:00,31.498093143099577,31.7191985986857,31.276991201865446,31.663921356201172,53779900
2021-03-29 04:00:00,31.22170691950422,31.590214757605874,31.065093372639296,31.387535095214844,71777800
2021-03-30 04:00:00,31.55336344045876,31.75604310393877,31.516511953580356,31.608640670776367,55011400
2021-03-31 04:00:00,31.544145244226904,31.67312190499473,31.350676738724736,31.369102478027344,51138300
2021-04-01 04:00:00,31.32305382939373,31.75605010986328,31.32305382939373,31.75605010986328,51690100
2021-04-05 04:00:00,32.09691647956734,32.161404836298914,31.903451409372618,32.004791259765625,51790700
2021-04-06 04:00:00,31.931083150985025,32.087700216750214,31.829743316846013,31.94029426574707,41336800
2021-04-07 04:00:00,32.03243164959601,32.17061949451302,31.875814541467367,32.096920013427734,38660800
2021-04-08 04:00:00,31.977148175384794,32.14297636847154,31.756046260836857,32.10612487792969,39927400
2021-04-09 04:00:00,32.32722628059329,32.40092573814642,32.142972365183766,32.382503509521484,40133700
2021-04-12 04:00:00,32.447002879461586,32.52991699385562,32.37329988251031,32.52070236206055,44435500
2021-04-13 04:00:00,32.336436860526085,32.37328834586922,32.04163200648314,32.2166748046875,39950900
2021-04-14 04:00:00,32.133769434282094,32.64046519493362,32.08770682228687,32.41014862060547,44065300
2021-04-15 04:00:00,32.483839824363145,32.52069131031528,32.078484021943105,32.382503509521484,55483500
2021-04-16 04:00:00,32.668101027933865,32.7325893855617,32.46542483868293,32.61282730102539,39115700
2021-04-19 04:00:00,32.603616476454576,32.69574522264368,32.41015138098595,32.52070236206055,31172300
2021-04-20 04:00:00,32.327223363028594,32.34564910434172,31.802102035832423,31.91265296936035,50227700
2021-04-21 04:00:00,31.802103997055934,32.382502583984426,31.709975284808774,32.354862213134766,39680000
2021-04-22 04:00:00,32.31802023227102,32.36408283975613,31.940297713578733,31.995574951171875,43611200
2021-04-23 04:00:00,31.99557781919346,32.73259014807465,31.940300576645374,32.59440231323242,50437700
2021-04-26 04:00:00,32.71415878373402,33.02738940902271,32.68652192438106,32.72337341308594,43749700
2021-04-27 04:00:00,32.76944384712155,33.02739730099146,32.69574436645254,32.9813346862793,50852400
2021-04-28 04:00:00,33.11030960083008,33.20243833956372,33.00897325975113,33.11030960083008,35771700
2021-04-29 04:00:00,33.368260469348876,33.72755369900337,33.34062009559372,33.69991683959961,48573000
2021-04-30 04:00:00,33.515671529662406,33.63543362744677,33.349843301889265,33.40511703491211,43940900
2021-05-03 04:00:00,33.69069604035933,33.75518437672577,33.441953808224135,33.57093048095703,33317300
2021-05-04 04:00:00,33.42352625424756,33.838096618652344,33.20242440279872,33.838096618652344,66939700
2021-05-05 04:00:00,33.939454969529784,34.24347105991544,33.939454969529784,34.11449432373047,38954200
2021-05-06 04:00:00,34.25266987072402,34.63038878694735,34.04999022785022,34.621177673339844,43332900
2021-05-07 04:00:00,34.2250475193539,34.814657441921916,34.14213340434575,34.805442810058594,64616700
2021-05-10 04:00:00,34.98969617089918,35.247649628874484,34.750168461972436,34.77780532836914,56341100
2021-05-11 04:00:00,34.4277098212038,34.740940405282664,34.03156515562315,34.160545349121094,82723700
2021-05-12 04:00:00,34.42772502301719,34.55670175911482,33.672286842143194,33.81047821044922,97911900
2021-05-13 04:00:00,33.68149896703937,34.56591381817354,33.66307321834671,34.35402297973633,66882600
2021-05-14 04:00:00,34.54748180138701,34.989689146722576,34.510630310687816,34.89756393432617,44850200
2021-05-17 04:00:00,34.787016163630305,34.99891051879439,34.64882831841508,34.962059020996094,40376700
2021-05-18 04:00:00,34.934414713333425,35.054180310538364,34.455359353217396,34.47378158569336,40299200
2021-05-19 04:00:00,34.07763617954107,34.28031234126384,33.70912831656095,34.26188659667969,63573900
2021-05-20 04:00:00,34.3171630728274,34.51984274442714,34.04078393886953,34.280311584472656,59216100
2021-05-21 04:00:00,34.418498030466054,34.80542806029689,34.400072288900176,34.621177673339844,44950300
2021-05-24 04:00:00,34.76859177416326,34.86992811529947,34.593548927646445,34.78701400756836,29159600
2021-05-25 04:00:00,34.83307635806182,35.10024088569832,34.390869002884,34.43693161010742,38755900
2021-05-26 04:00:00,34.56590590250272,34.694882599463135,34.289526764108764,34.53826904296875,38601900
2021-05-27 04:00:00,34.85149571133394,35.02653499241776,34.648816059504554,34.93440628051758,39789500
2021-05-28 04:00:00,35.09103039798027,35.09103039798027,34.74094825098425,34.998905181884766,39265000
2021-06-01 04:00:00,35.34898801144848,35.45032786979646,35.118671429512936,35.21080017089844,35710700
2021-06-02 04:00:00,35.32134473968803,35.358196229558175,35.0726024545918,35.26606750488281,37537500
2021-06-03 04:00:00,35.155518702509845,35.56087457285048,35.04496774048089,35.34898376464844,54877500
2021-06-04 04:00:00,35.395046395945734,35.46874938024806,35.127881863729094,35.44111251831055,27250900
2021-06-07 04:00:00,35.49639048331314,35.49639048331314,35.14631180910466,35.21080017089844,37401800
2021-06-08 04:00:00,35.01732014785551,35.22921442674219,34.75936678482963,35.11865997314453,47747700
2021-06-09 04:00:00,34.98048260184232,35.02654521405915,34.694888783134694,34.78701400756836,40776200
2021-06-10 04:00:00,35.08181708211569,35.173942292433985,34.354015971806064,34.38165283203125,53775500
2021-06-11 04:00:00,34.44613563600066,34.62117842751413,34.436924522192506,34.602752685546875,40416700
2021-06-14 04:00:00,34.53827386193574,34.59354758871577,34.04078923480402,34.243465423583984,50613400
2021-06-15 04:00:00,34.252679455391196,34.48299601788611,34.08685124924671,34.30795669555664,51315100
2021-06-16 04:00:00,34.1973961168323,34.50141561199892,33.847317534602595,34.27109909057617,84961100
2021-06-17 04:00:00,34.44613588150553,34.46456162360411,33.15636556376354,33.2577018737793,97659900
2021-06-18 04:00:00,32.81549666831321,32.926051127851,32.41014085972821,32.45620346069336,180960000
2021-06-21 04:00:00,32.779014491181805,33.232224782986435,32.72352180159976,33.21372604370117,89831400
2021-06-22 04:00:00,33.287713365168905,33.39870224714766,32.9547431909597,33.26921463012695,42576400
2021-06-23 04:00:00,33.296964013349324,33.49119545664161,33.2507189356521,33.333961486816406,48094900
2021-06-24 04:00:00,33.52817899700334,33.833402733856865,33.37094509251889,33.750160217285156,42942800
2021-06-25 04:00:00,33.925894732182,34.24961368776176,33.731663358834155,34.15712356567383,56845000
2021-06-28 04:00:00,34.092389679462926,34.12013601849609,33.71317442349333,33.907405853271484,70250700
2021-06-29 04:00:00,34.08313931270007,34.268123143044015,33.69467644442356,33.787166595458984,61051200
2021-06-30 04:00:00,33.68541873879697,34.00914126079415,33.67617113680729,33.93514633178711,42414100
2021-07-01 04:00:00,34.10163169118649,34.22187168773536,33.925899025670795,34.203372955322266,36615600
2021-07-02 04:00:00,34.20337166997881,34.240369133414646,34.027639011067045,34.16637420654297,27018400
2021-07-06 04:00:00,34.08313521402262,34.10163394765975,33.40794731349425,33.62992858886719,49225300
2021-07-07 04:00:00,33.426438975562924,33.750161453318285,33.3524475849404,33.67616653442383,43747100
2021-07-08 04:00:00,33.13972292345143,33.33395432501308,32.84374672757854,33.00098419189453,75084200
2021-07-09 04:00:00,33.48193849293879,33.999888863598095,33.38019723348148,33.953643798828125,70546500
2021-07-12 04:00:00,33.75017187913752,34.351364903646804,33.60218552390583,34.28662109375,62953400
2021-07-13 04:00:00,34.17563144148445,34.2311241182788,33.78716506255929,33.91665267944336,44476200
2021-07-14 04:00:00,33.935151176620835,34.15713246706124,33.38945084623913,33.75941848754883,69632700
2021-07-15 04:00:00,33.42643676125908,34.08312574572196,33.42643676125908,33.87039566040039,53977600
2021-07-16 04:00:00,34.04613373100304,34.04613373100304,33.33394852100798,33.40793991088867,56160700
2021-07-19 04:00:00,32.7605069616956,32.93624317361573,32.279553982421554,32.473785400390625,89972200
2021-07-20 04:00:00,32.43678100061522,33.50043506305916,32.372037208460064,33.2784538269043,70635800
2021-07-21 04:00:00,33.54668554305019,34.018390894691436,33.51893920715147,33.851905822753906,59975000
2021-07-22 04:00:00,33.7316611408936,33.81490365660813,33.34319489146852,33.48193359375,35292300
2021-07-23 04:00:00,33.805663804435056,33.89815747956596,33.44494729210688,33.537437438964844,36766900
2021-07-26 04:00:00,33.47269163299985,33.796414184230194,33.45419289907759,33.73167037963867,25396000
2021-07-27 04:00:00,33.47268833314992,33.870402252588576,33.3154544027205,33.722415924072266,38988400
2021-07-28 04:00:00,33.84265157366443,33.888896633837504,33.44493770528654,33.67616653442383,42908200
2021-07-29 04:00:00,33.89815623163648,34.19412892461352,33.75016988514795,34.046142578125,41434200
2021-07-30 04:00:00,33.95365247160931,34.203380119081814,33.694677220129606,33.77791976928711,52385300
2021-08-02 04:00:00,34.00914789752635,34.39761076580285,33.740921519941274,33.787166595458984,47589900
2021-08-03 04:00:00,33.907399019036724,34.21262279997392,33.40794384746985,34.16637420654297,42169600
2021-08-04 04:00:00,33.84265265533706,34.240366536426606,33.69466634109016,33.8796501159668,52346400
2021-08-05 04:00:00,34.09238335535647,34.323612213134766,34.08313222521281,34.323612213134766,37168200
2021-08-06 04:00:00,34.6473396079876,35.0820510951168,34.63809200387288,35.01730728149414,58081000
2021-08-09 04:00:00,34.97105559685489,35.27627587079647,34.77682066441292,35.10979080200195,48015600
2021-08-10 04:00:00,35.08204149630607,35.581496660401825,35.04504403342366,35.47975540161133,40907400
2021-08-11 04:00:00,35.58149848623862,35.89596988033144,35.41501342299699,35.88671875,48372100
2021-08-12 04:00:00,35.923723081633526,35.99771449706642,35.7017417787886,35.95146942138672,44566400
2021-08-13 04:00:00,35.97920779215597,36.02545285305793,35.59999264752471,35.68323516845703,43077200
2021-08-16 04:00:00,35.45201262593026,35.62774529984678,35.13754121641944,35.59074783325195,48011800
2021-08-17 04:00:00,35.350277438528906,35.60925269270112,34.98956089785383,35.341026306152344,52414800
2021-08-18 04:00:00,35.20229139436829,35.45201904670304,34.878568795442526,34.90631866455078,39550400
2021-08-19 04:00:00,34.527094771982625,34.90630995799207,34.425353509933586,34.64733123779297,48961300
2021-08-20 04:00:00,34.64733151780982,34.91555784205736,34.51784392079995,34.86006164550781,33898600
2021-08-23 04:00:00,35.03579307165637,35.294768230451155,35.03579307165637,35.14678192138672,28807400
2021-08-24 04:00:00,35.21152981747613,35.442758672872365,35.183783483875736,35.35951614379883,37677300
2021-08-25 04:00:00,35.452007354470844,35.99770402837663,35.3780124322837,35.775726318359375,47904800
2021-08-26 04:00:00,35.93296123369843,35.979209825486066,35.562997197302586,35.59999465942383,38484300
2021-08-27 04:00:00,35.64624457698814,36.08095246715544,35.636993446061986,36.07170486450195,38511100
2021-08-30 04:00:00,36.09019737784556,36.1086961082369,35.54449718025319,35.56299591064453,30096500
2021-08-31 04:00:00,35.5352569875967,35.78498463233033,35.387270627192315,35.516761779785156,49876200
2021-09-01 04:00:00,35.544503260583184,35.563001994138965,35.19303437956869,35.31327438354492,43976200
2021-09-02 04:00:00,35.39650855359657,35.5629935879732,35.29476730722509,35.43350601196289,29611500
2021-09-03 04:00:00,35.36876239807393,35.442753786899004,35.1282824457808,35.211524963378906,34847500
2021-09-07 04:00:00,35.33176847406361,35.33176847406361,34.99879837036133,34.99879837036133,39214900
2021-09-08 04:00:00,34.915565490722656,35.082050588569416,34.730581656640354,34.915565490722656,32523900
2021-09-09 04:00:00,34.869320917746165,35.350277481995384,34.84157104885558,35.01730728149414,33421000
2021-09-10 04:00:00,35.211526391383295,35.24852385143218,34.74906872558811,34.75831985473633,39350500
2021-09-13 04:00:00,35.008050039033705,35.211532576775134,34.906312298435594,35.156036376953125,40357300
2021-09-14 04:00:00,35.276271440684795,35.405759027202926,34.57333731604119,34.684326171875,45670600
2021-09-15 04:00:00,34.66583834449024,35.10054983161945,34.62884087148495,35.01730728149414,36371300
2021-09-16 04:00:00,35.146794401257246,35.322527103085186,34.75833152513026,34.915565490722656,42630200
2021-09-17 04:00:00,34.869308706611015,35.09128641036039,34.6658262046141,34.75831985473633,82987200
2021-09-20 04:00:00,33.98917256220024,34.08206311641408,33.4689762453792,33.9520149230957,95008800
2021-09-21 04:00:00,34.165671224747335,34.295719437829014,33.82197186966747,33.905574798583984,45837600
2021-09-22 04:00:00,34.3328743601227,34.7137313297535,34.258562620060665,34.47221374511719,58347800
2021-09-23 04:00:00,34.806626399130515,35.484737434902705,34.75088993487812,35.31753158569336,71805000
2021-09-24 04:00:00,35.28966764041522,35.62407581911913,35.24321881178724,35.503318786621094,48066100
2021-09-27 04:00:00,35.81914897939007,36.088533029916036,35.75412487648231,35.98635482788086,58794500
2021-09-28 04:00:00,35.977066214634554,36.153559714623995,35.33611277867997,35.391845703125,96152700
2021-09-29 04:00:00,35.50331498826907,35.57762672773693,35.252506223413036,35.41971206665039,49882500
2021-09-30 04:00:00,35.62407202683896,35.63336320899473,34.85307045465368,34.86235809326172,73319300
2021-10-01 04:00:00,34.955254713048,35.67981105724888,34.82520650188866,35.43829345703125,70444000
2021-10-04 04:00:00,35.38256082437707,35.84702079658284,35.07601554181805,35.131752014160156,69772700
2021-10-05 04:00:00,35.39184698240133,35.995646338400235,35.261798762598055,35.81915283203125,56058400
2021-10-06 04:00:00,35.49402222431725,35.88417035566658,35.2339258324494,35.856300354003906,63405900
2021-10-07 04:00:00,36.227872399119285,36.450814711505686,36.02350890806074,36.0699577331543,53295600
2021-10-08 04:00:00,36.107101538988516,36.376489056124676,35.93989573825207,36.24644088745117,38607500
2021-10-11 04:00:00,36.33005930619403,36.59944693839903,35.86559933765368,35.884178161621094,50748300
2021-10-12 04:00:00,35.83772891189957,36.01422240475754,35.67981069740732,35.772701263427734,58527700
2021-10-13 04:00:00,35.76342411761342,35.800581772343214,35.05744639549222,35.56835174560547,72105100
2021-10-14 04:00:00,35.96776572919394,36.1721256184188,35.6240629479785,36.162837982177734,51893500
2021-10-15 04:00:00,36.515840872622796,36.88740668947993,36.3950802989589,36.701622009277344,58411100
2021-10-18 04:00:00,36.62730787365986,36.92456192517112,36.525126129037645,36.71091079711914,56312700
2021-10-19 04:00:00,36.87811647573947,37.07318878173828,36.73877708942729,37.07318878173828,33082600
2021-10-20 04:00:00,37.008167075854615,37.370445251464844,36.90598532508291,37.370445251464844,44670200
2021-10-21 04:00:00,37.36116291394596,37.444765854300556,37.01745996829456,37.2125358581543,35067600
2021-10-22 04:00:00,37.38901632459449,37.79773969942236,37.35185868773361,37.73271560668945,41458200
2021-10-25 04:00:00,37.82561869647453,37.872063981824994,37.59338872617407,37.686279296875,33121000
2021-10-26 04:00:00,37.779177410978626,37.95567449151911,37.65842035366537,37.71415328979492,41586900
2021-10-27 04:00:00,37.621250337953704,37.78845617849509,37.08247517542087,37.091766357421875,62449500
2021-10-28 04:00:00,37.240401915642316,37.5655224892647,37.212535450345676,37.54694366455078,44566600
2021-10-29 04:00:00,37.59338747665532,37.66769922203649,37.32399986960907,37.398311614990234,42092000
2021-11-01 04:00:00,37.65841032809934,37.74201325358542,37.268262161315015,37.41688919067383,37503800
2021-11-02 04:00:00,37.4075991432683,37.62125026274459,37.305417402747544,37.50978088378906,31436800
2021-11-03 04:00:00,37.38902769547477,37.78846355433887,37.31471239915198,37.64912414550781,42946800
2021-11-04 04:00:00,37.50978220023171,37.602672762030124,36.86882527576017,37.15679168701172,48279700
2021-11-05 04:00:00,37.45405216888889,37.61197040332234,37.054616306175845,37.175376892089844,57866300
2021-11-08 05:00:00,37.40759668162756,37.64911424406253,37.28683612863636,37.379730224609375,32864600
2021-11-09 05:00:00,37.1846645324455,37.30542511835951,36.933855720261846,37.175376892089844,48420400
2021-11-10 05:00:00,37.13821802620194,37.34258154281158,37.017457444246396,37.1103515625,60695100
2021-11-11 05:00:00,37.166087024086224,37.333292904795414,37.008172327610055,37.2125358581543,31438900
2021-11-12 05:00:00,37.26825731876335,37.305414957161844,36.96171566084431,37.29612731933594,39218800
2021-11-15 05:00:00,37.39830550961066,37.49119960560691,37.221812042538936,37.29612731933594,30081100
2021-11-16 05:00:00,37.34258273468576,37.48191860119096,37.156798035797095,37.25897979736328,32599500
2021-11-17 05:00:00,37.2032461806044,37.2032461806044,36.72949852844121,36.83168029785156,53557200
2021-11-18 05:00:00,36.868824226922484,36.943139509085334,36.478679626210564,36.6458854675293,42990100
2021-11-19 05:00:00,36.3300437878194,36.4600919564929,35.96776573407269,36.24644088745117,71858100
2021-11-22 05:00:00,36.729488277374976,37.11963287690982,36.43223423671576,36.757354736328125,81965800
2021-11-23 05:00:00,36.99887812682292,37.36115628960943,36.84095991479799,37.33328628540039,61571200
2021-11-24 05:00:00,37.258978378366415,37.39831423956505,37.11035133362558,37.24968719482422,40410300
2021-11-26 05:00:00,36.07924911572416,36.2371637980748,35.60550152512401,36.014225006103516,76492200
2021-11-29 05:00:00,36.432235695151924,36.56228390020289,35.85630286771503,36.12569046020508,79316500
2021-11-30 05:00:00,35.68910116588814,35.8377317529804,35.20606593203121,35.26179885864258,121263700
2021-12-01 05:00:00,35.884165584690244,36.11639548756688,34.87164306640625,34.87164306640625,101946500
2021-12-02 05:00:00,35.19677575037324,36.10711686093509,35.06672752651417,35.912044525146484,98076400
2021-12-03 05:00:00,35.95848226517433,36.051376365251805,35.04814134570066,35.32681655883789,97178200
2021-12-06 05:00:00,35.88417559387822,36.209296131172664,35.60550034140468,35.865596771240234,69716600
2021-12-07 05:00:00,36.283607261509985,36.60872776152669,36.107110238460045,36.50654602050781,115475500
2021-12-08 05:00:00,36.52512496769433,36.67375198872426,36.21858328712223,36.31147384643555,53033200
2021-12-09 05:00:00,36.13498913577565,36.422952065660105,36.00493736020849,36.23716735839844,45521100
2021-12-10 05:00:00,36.48796983099162,36.49726101368929,36.04208873729769,36.27431869506836,38900900
2021-12-13 05:00:00,36.190719898212585,36.200011081970466,35.763417577607065,35.884178161621094,44343000
2021-12-14 05:00:00,35.82844028969845,36.36721553305546,35.800573826610396,36.09782791137695,51734400
2021-12-15 05:00:00,36.190724836702785,36.311485437195486,35.74484363128609,36.200016021728516,70424900
2021-12-16 05:00:00,36.61801661312457,36.91527420754899,36.43223548898753,36.655174255371094,71156600
2021-12-17 05:00:00,36.41366090330764,36.46010618974417,35.62407685969381,35.84701919555664,97654400
2021-12-20 05:00:00,35.290729461512846,35.33739726062147,34.730705190634744,35.15072250366211,85242300
2021-12-21 05:00:00,35.50540389705477,36.03742463572071,35.50540389705477,35.87874984741211,57667900
2021-12-22 05:00:00,35.776082087748044,36.07476027202118,35.720078593000025,36.046756744384766,49702700
2021-12-23 05:00:00,36.252100602012426,36.56011093261117,36.214764937538355,36.23343276977539,39057300
2021-12-27 05:00:00,36.345434924258406,36.606781005859375,36.158763729503896,36.606781005859375,36120300
2021-12-28 05:00:00,36.541446669453485,36.85879269650751,36.53211097307032,36.625450134277344,34055200
2021-12-29 05:00:00,36.70012026504676,36.802791568720814,36.532113324584714,36.57878112792969,27150500
2021-12-30 05:00:00,36.690777952027915,36.89611694189799,36.401431954701835,36.51343536376953,30089100
2021-12-31 05:00:00,36.43877653693922,36.625451304794304,36.373440902268705,36.4481086730957,28497800
2022-01-03 05:00:00,36.71878292681618,37.03612892960052,36.700115096002435,36.896121978759766,49884400
2022-01-04 05:00:00,37.3254835715466,37.98817569585243,37.306815736429115,37.86683654785156,74210200
2022-01-05 05:00:00,37.97883496343002,38.17484542591701,37.40014639360298,37.42814636230469,76288400
2022-01-06 05:00:00,37.820168617074295,38.006843407115284,37.474822569840036,37.97883987426758,57725200
2022-01-07 05:00:00,38.06283177892299,38.52018469744098,37.93216053378196,38.42684555053711,62185500
2022-01-10 05:00:00,38.66951484670302,38.697514804049355,37.89481612856784,38.296165466308594,73620000
2022-01-11 05:00:00,38.43619141417308,38.65086616805977,38.081509683152504,38.632198333740234,60706300
2022-01-12 05:00:00,38.7348695487679,38.88420866243852,38.47352698997564,38.66019821166992,51560600
2022-01-13 05:00:00,38.71619156166909,38.92153412431474,38.380177753894166,38.51084899902344,51659600
2022-01-14 05:00:00,37.894826433262715,38.146836799479296,37.6521517623826,38.10950469970703,81135500
2022-01-18 05:00:00,37.857507180618754,37.894839293059846,37.02680447947243,37.26014709472656,82526700
2022-01-19 05:00:00,37.540147221377296,37.558815050968434,36.606777104967314,36.6347770690918,85975100
2022-01-20 05:00:00,36.73745737557347,37.21347468523816,36.32677214473892,36.40144348144531,80314000
2022-01-21 05:00:00,36.25209956701087,36.35477086112082,35.50540410147238,35.65474319458008,117914300
2022-01-24 05:00:00,35.03871650943153,35.83207971779149,34.366688857769255,35.75741195678711,169153300
2022-01-25 05:00:00,35.35606872343912,36.16809990500442,34.7773765613809,35.90675735473633,97364900
2022-01-26 05:00:00,36.29876591229084,36.59744408654456,35.57073830761296,36.00008773803711,106682000
2022-01-27 05:00:00,36.34543259958864,36.71878208626768,35.440065969257525,35.67340850830078,91498900
2022-01-28 05:00:00,35.533402711705094,36.149426892313286,35.085385449492286,36.14009475708008,79753600
2022-01-31 05:00:00,35.888086815268814,36.485443205429426,35.673412085087655,36.45744323730469,58740900
2022-02-01 05:00:00,36.50410315441109,37.0547916252644,36.31742843266817,36.96145248413086,64601500
2022-02-02 05:00:00,36.94279200852609,37.278802269525066,36.70944947252638,37.21346664428711,46649400
2022-02-03 05:00:00,37.20413725716458,37.33480851729113,36.74678428619685,36.80278778076172,50677000
2022-02-04 05:00:00,36.868125625120456,37.74549239618242,36.84945779247765,37.42814636230469,77792400
2022-02-07 05:00:00,37.474814061119744,37.78282436830645,37.260135786974125,37.5401496887207,52710400
2022-02-08 05:00:00,37.801500753210966,38.15618249796601,37.708165138524336,38.062843322753906,56921200
2022-02-09 05:00:00,38.268175814410895,38.557521840162345,38.174840224439215,38.305511474609375,67505300
2022-02-10 05:00:00,38.12818038774844,38.632201271123,37.810834301237676,37.96950912475586,67260800
2022-02-11 05:00:00,37.84815869411479,38.30551163211544,37.21346671022894,37.437477111816406,77962800
2022-02-14 05:00:00,37.418817029352944,37.5494883071164,36.70945713841189,37.0174674987793,71521600
2022-02-15 05:00:00,37.4654808787888,37.71749127095183,37.33480961482091,37.521484375,55439600
2022-02-16 05:00:00,37.3348057325333,37.71748734887078,37.28813793747254,37.54948043823242,41168800
2022-02-17 05:00:00,37.15746816913688,37.27880372902948,36.51344046582761,36.616111755371094,59107800
2022-02-18 05:00:00,36.57877747822635,36.914791325624165,36.420106250580055,36.606781005859375,47816500
2022-02-22 05:00:00,36.43876899474558,36.77478279523068,36.11208732848537,36.420101165771484,60719700
2022-02-23 05:00:00,36.69077811195041,36.80278152150629,35.69207243881033,35.78540802001953,64169800
2022-02-24 05:00:00,34.60003270604474,35.46806726878056,34.348022327135176,35.35606384277344,143075700
2022-02-25 05:00:00,35.589407180269006,36.588113022260345,35.580071484255186,36.494773864746094,99127100
2022-02-28 05:00:00,35.62674838183391,36.18677278837547,35.580080571420204,35.95343017578125,107370200
2022-03-01 05:00:00,35.60807423393093,35.71074196416669,34.394690136424984,34.62803268432617,129873100
2022-03-02 05:00:00,34.917378691582655,35.729409760542794,34.89871086050574,35.524070739746094,88182500
2022-03-03 05:00:00,35.682741807278994,35.86941655670824,35.113385423755894,35.41206359863281,71952600
2022-03-04 05:00:00,34.78670623581843,34.79603837077295,34.34802112193966,34.74937057495117,105904100
2022-03-07 05:00:00,34.43202613000726,34.46936179255672,33.4613202668698,33.47998809814453,116046200
2022-03-08 05:00:00,33.61999516627553,34.22668366239704,33.12531009765687,33.28398132324219,114915000
2022-03-09 05:00:00,34.39468401237662,34.79603340814751,34.25468064487865,34.506690979003906,88716400
2022-03-10 05:00:00,33.93734723649086,34.44136809101904,33.83467592606563,34.21735763549805,71547300
2022-03-11 05:00:00,34.516030925355246,34.73070565252985,33.95601020755409,33.97467803955078,76788200
2022-03-14 04:00:00,34.48802949164608,34.9640467254906,34.24535124652948,34.40402603149414,70969700
2022-03-15 04:00:00,34.749370645719104,34.94537752488448,34.450692479221985,34.88937759399414,51828700
2022-03-16 04:00:00,35.3374058549109,35.92543023616061,35.22540239770524,35.86942672729492,87007600
2022-03-17 04:00:00,35.664087570568476,36.32677980114605,35.43074493496854,36.317447662353516,58266400
2022-03-18 04:00:00,36.30810787108763,36.494779091803,35.962758279608515,36.40144348144531,82342500
2022-03-21 04:00:00,36.562607088839584,36.67504875327094,36.17842812544774,36.3658332824707,46828600
2022-03-22 04:00:00,36.796865611396555,37.19041325589774,36.75001521197351,36.95615768432617,61053100
2022-03-23 04:00:00,36.7218954307824,36.80622756418121,36.25338437289025,36.272125244140625,42142600
2022-03-24 04:00:00,36.5251136331519,36.60007710171138,36.26274864210359,36.56259536743164,30421500
2022-03-25 04:00:00,36.68442306347872,37.10608022269182,36.628200440837375,37.03112030029297,48613100
2022-03-28 04:00:00,36.91867471659271,36.95615288659182,36.5063826764994,36.928043365478516,44761000
2022-03-29 04:00:00,37.37780909169071,37.490250737111225,36.79685642015332,37.01237106323242,67968600
2022-03-30 04:00:00,37.01237267159524,37.031113542388944,36.5344929769503,36.75000762939453,47405300
2022-03-31 04:00:00,36.703163890703124,36.85309089882254,35.89732766880092,35.90669631958008,66619600
2022-04-01 04:00:00,36.15031683247934,36.2252767469437,35.559991867827996,35.81298828125,68422500
2022-04-04 04:00:00,35.728661467620384,35.944176168697616,35.40070151640652,35.6536979675293,134312400
2022-04-05 04:00:00,35.51314225929993,35.897321212366606,35.34447797995788,35.428810119628906,56165700
2022-04-06 04:00:00,35.14770654183688,35.33511172548105,35.05400573724309,35.18518829345703,55835100
2022-04-07 04:00:00,35.15708111858248,35.3163732119381,34.65108816123498,35.147708892822266,53346900
2022-04-08 04:00:00,35.28825046239985,35.663060714331564,35.194549686644656,35.50376510620117,44672300
2022-04-11 04:00:00,35.41007369714498,35.75677094849438,35.28825979687655,35.344482421875,54435500
2022-04-12 04:00:00,35.31636631687791,35.64432623977627,34.81037703277502,34.96030044555664,67215400
2022-04-13 04:00:00,34.63234052265828,34.97904131896136,34.56674925296983,34.96030044555664,57445600
2022-04-14 04:00:00,34.885341124524956,35.128968933470134,34.5573847368563,34.56675338745117,68544200
2022-04-18 04:00:00,34.351231322691966,34.93218404548634,34.34186267410344,34.772891998291016,52748400
2022-04-19 04:00:00,34.86659164899826,35.30699318191915,34.85722300071418,35.250770568847656,41519100
2022-04-20 04:00:00,35.522513362791884,35.747400275604974,35.410071693613446,35.49440383911133,54635800
2022-04-21 04:00:00,35.738029685349844,35.90669398405694,34.866598666848645,34.93218994140625,54998100
2022-04-22 04:00:00,34.87596204681537,34.88533069460923,33.85460786342182,33.892086029052734,73170900
2022-04-25 04:00:00,33.61098231819597,34.02327433710994,33.104993091869474,33.94831085205078,91392800
2022-04-26 04:00:00,33.56413797370774,33.92020744297183,33.076885956413804,33.09562683105469,81457500
2022-04-27 04:00:00,33.04877545281849,33.404844911536266,32.9457024325747,33.0675163269043,81603000
2022-04-28 04:00:00,33.40484555607227,33.61098802608107,32.90822131935688,33.48917770385742,62680000
2022-04-29 04:00:00,33.32050786005504,33.44231816199593,32.2616718640507,32.336631774902344,74631700
2022-05-02 04:00:00,32.486559492746494,32.59900473566612,31.708832888728125,32.34600830078125,104408800
2022-05-03 04:00:00,32.57088849414771,33.09562218709303,32.45844683653652,32.76766586303711,73896300
2022-05-04 04:00:00,32.82389568682088,33.826509434800734,32.711453992274116,33.77029037475586,87794900
2022-05-05 04:00:00,33.3767288672493,33.442320133532206,32.38348764956188,32.786407470703125,101093900
2022-05-06 04:00:00,32.65522398598271,32.70207795805237,32.08364341596878,32.552154541015625,99281900
2022-05-09 04:00:00,32.1117560283333,32.30852986191029,31.624503982483215,31.77442741394043,85922800
2022-05-10 04:00:00,32.06490270511652,32.27104517055536,31.099767351981047,31.493318557739258,107581200
2022-05-11 04:00:00,31.530794961292738,32.16797027255163,31.155984693097288,31.202835083007812,110212200
2022-05-12 04:00:00,30.940478348762433,31.25906608994607,30.368894144775034,30.96858787536621,114304100
2022-05-13 04:00:00,31.343396018001002,31.6807246111134,31.137249972330906,31.41835594177246,64036200
2022-05-16 04:00:00,31.296541539517133,31.437092718689726,30.912362597315987,31.155986785888672,55662200
2022-05-17 04:00:00,31.76505539981643,32.08364310473602,31.58701888637372,31.989938735961914,62859300
2022-05-18 04:00:00,31.690089322659045,31.73693971600059,30.98732269916816,31.1091365814209,74279300
2022-05-19 04:00:00,30.687477567833195,31.127879153090642,30.64062717193383,30.902992248535156,71525400
2022-05-20 04:00:00,31.118504706582996,31.277800330610386,30.200223429610944,30.84676742553711,77984600
2022-05-23 04:00:00,31.437099806697503,32.08364752981613,31.27780771949572,31.84939193725586,78189300
2022-05-24 04:00:00,31.661978378707385,31.88686168642328,31.12787605481248,31.783788681030273,77871200
2022-05-25 04:00:00,31.708828812186617,32.23356248831564,31.615128029589453,32.03678512573242,72192600
2022-05-26 04:00:00,32.38349470547006,32.88948407354962,32.355381603469134,32.777042388916016,50803200
2022-05-27 04:00:00,32.9175912746887,33.395471029558514,32.86136865522211,33.32987976074219,43862500
2022-05-31 04:00:00,33.0581428420088,33.48917578063297,32.88010990666706,33.23617935180664,64778900
2022-06-01 04:00:00,33.15184618185779,33.236178322187385,32.39285691889145,32.70207595825195,48642400
2022-06-02 04:00:00,32.73018335044781,33.179953544786976,32.477186945921574,33.1518440246582,45334700
2022-06-03 04:00:00,32.842622079364354,32.98317681639727,32.636479659359644,32.67395782470703,36699400
2022-06-06 04:00:00,32.945698785459484,33.283027332748915,32.7582936398036,32.76766586303711,32829600
2022-06-07 04:00:00,32.54277712735348,33.048769919584934,32.51466760815917,33.020660400390625,32031400
2022-06-08 04:00:00,32.76766478271878,32.861365565229576,32.317894592646645,32.43970489501953,38251800
2022-06-09 04:00:00,32.40223044159615,32.42096774068195,31.60575940111626,31.624500274658203,49715100
2022-06-10 04:00:00,30.940473320074304,31.0529149826711,30.453221349546833,30.48133087158203,74190900
2022-06-13 04:00:00,29.712971176325816,30.078409238702896,29.394385293245733,29.572418212890625,104065100
2022-06-14 04:00:00,29.694234106552525,29.90037834776225,29.094538681457657,29.319425582885742,75592200
2022-06-15 04:00:00,29.628639837644283,30.069039584947323,29.141387912610384,29.64737892150879,87858800
2022-06-16 04:00:00,29.047687611919123,29.05705804819678,28.654138224397553,28.897764205932617,100838500
2022-06-17 04:00:00,28.96335675234908,29.310055761028714,28.700989886666434,28.982097625732422,116937700
2022-06-21 04:00:00,29.645277058091633,29.748899512542955,29.381513423859175,29.560495376586914,58065800
2022-06-22 04:00:00,29.22137238815182,29.767742262607204,29.183690839755872,29.494556427001953,48035800
2022-06-23 04:00:00,29.51339349755812,29.569914016304146,28.901082787003947,29.381511688232422,69348900
2022-06-24 04:00:00,29.503970765171616,30.493087849959018,29.45687063608831,30.464828491210938,65489300
2022-06-27 04:00:00,30.70034044835518,30.70034044835518,30.21991326130849,30.36121368408203,47244800
2022-06-28 04:00:00,30.672079347319286,30.964102360637167,30.040925995403157,30.05976676940918,42459900
2022-06-29 04:00:00,30.08802609005646,30.20106893042314,29.786580911418636,29.890201568603516,64507500
2022-06-30 04:00:00,29.419193231553987,29.890201775626597,29.061227528631008,29.62643814086914,75294300
2022-07-01 04:00:00,29.532235775597243,30.12570574458598,29.33441125476434,30.031503677368164,77308400
2022-07-05 04:00:00,29.560495264151957,29.9467239210683,29.221370336177962,29.92788314819336,51536800
2022-07-06 04:00:00,29.861942282813317,30.09744655382366,29.569915693096895,29.852521896362305,48001700
2022-07-07 04:00:00,30.1068668761363,30.370634118434193,30.078607511911965,30.285852432250977,33120100
2022-07-08 04:00:00,30.370634173973148,30.464834450566673,30.097448340937635,30.219911575317383,29062200
2022-07-11 04:00:00,30.050338773473186,30.201063130601938,29.890195828481367,29.974977493286133,30564300
2022-07-12 04:00:00,29.74889568368807,30.332946992577018,29.73005491316638,29.786577224731445,38211000
2022-07-13 04:00:00,29.46629137471953,29.720634590277005,29.15542584747837,29.522811889648438,51441600
2022-07-14 04:00:00,28.919927517217353,29.051809344594215,28.609061926432506,28.95760726928711,57782300
2022-07-15 04:00:00,29.37209106262953,30.10686319059659,29.296729772664833,29.937301635742188,59650200
2022-07-18 04:00:00,30.3612101616365,30.56845506987272,29.692378894977782,29.824260711669922,38671600
2022-07-19 04:00:00,30.21990747226819,30.813375602548785,30.13512400068614,30.719175338745117,40568000
2022-07-20 04:00:00,30.653238117384845,30.888742398692024,30.559034248755882,30.83222007751465,38507700
2022-07-21 04:00:00,30.747442010888978,31.030046463012695,30.51193770186745,31.030046463012695,40561800
2022-07-22 04:00:00,31.07715232260543,31.237293538794752,30.615562264245884,30.85106658935547,25741200
2022-07-25 04:00:00,31.03946103450703,31.190183611571765,30.82279755457083,31.048879623413086,24699300
2022-07-26 04:00:00,30.898161137142317,31.077146691641584,30.54019362165396,30.615556716918945,26357800
2022-07-27 04:00:00,30.73801214498301,31.23727994705405,30.63438971206051,31.086557388305664,44817200
2022-07-28 04:00:00,31.11481487758883,31.322059730995,30.615547105483834,31.312641143798828,40974600
2022-07-29 04:00:00,31.388007906366944,31.859016432685188,31.35974854471101,31.755393981933594,38724000
2022-08-01 04:00:00,31.453956629681095,31.670620174412715,31.274974638862126,31.49163818359375,35131300
2022-08-02 04:00:00,31.34091203998148,31.54815696970423,31.105407744754846,31.143089294433594,36806900
2022-08-03 04:00:00,31.378589515865805,31.689453276581,31.19960397488412,31.614093780517578,27314900
2022-08-04 04:00:00,31.58582701627278,31.670608685064085,31.45394521893285,31.510467529296875,24505800
2022-08-05 04:00:00,31.42569698822898,31.887283442364797,31.31265592098297,31.736560821533203,34366100
2022-08-08 04:00:00,31.972057437495785,32.075679888132896,31.689453040719037,31.71771240234375,24369100
2022-08-09 04:00:00,31.774236658638245,31.962640799159768,31.71771433842876,31.877859115600586,26425400
2022-08-10 04:00:00,32.433646975055524,32.71625136835682,32.36770606973555,32.593788146972656,45366000
2022-08-11 04:00:00,32.89522931927805,33.18725585989706,32.85755137331866,32.980010986328125,46985200
2022-08-12 04:00:00,33.140159504957246,33.50754557282728,32.97059615155418,33.49812698364258,36370300
2022-08-15 04:00:00,33.158996381321245,33.58290471502819,33.093055484245646,33.48870086669922,25366000
2022-08-16 04:00:00,33.33798211285421,33.88435371507525,33.33798211285421,33.7336311340332,41300800
2022-08-17 04:00:00,33.34740435453912,33.71479042188498,33.3285635826868,33.56406784057617,33158000
2022-08-18 04:00:00,33.53580850831536,33.6488531516395,33.375667320538106,33.601749420166016,15966200
2022-08-19 04:00:00,33.40391938288556,33.40391938288556,32.819869894085016,32.93291091918945,33587400
2022-08-22 04:00:00,32.452491780829185,32.46191037125567,32.12278361973769,32.20756530761719,36810100
2022-08-23 04:00:00,32.16988363999787,32.405387902095924,32.075679779052734,32.075679779052734,23244000
2022-08-24 04:00:00,32.01916099370101,32.34886552259289,31.953216494412782,32.245243072509766,20682200
2022-08-25 04:00:00,32.31119120414792,32.77278124133332,32.22640950725716,32.7445182800293,26402600
2022-08-26 04:00:00,32.885813312705544,32.89523190155741,31.736551423256124,31.764814376831055,38230600
2022-08-29 04:00:00,31.529313938695992,31.764818217070452,31.350328387284932,31.538732528686523,34872100
2022-08-30 04:00:00,31.642356985193917,31.745979449186827,31.180766989273774,31.369171142578125,41870700
2022-08-31 04:00:00,31.529312212118434,31.6423532533651,31.086563043096614,31.133663177490234,39768200
2022-09-01 04:00:00,31.001777662754712,31.27496344053833,30.624969445569757,31.227863311767578,40604600
2022-09-02 04:00:00,31.585831020095647,31.84959824172013,30.832218087261246,30.982940673828125,43208800
2022-09-06 04:00:00,31.143083674727436,31.218443166976105,30.59671208350832,30.90757942199707,45877100
2022-09-07 04:00:00,30.81337517494217,31.57641023779799,30.76627504369396,31.519887924194336,35023000
2022-09-08 04:00:00,31.359748403418994,32.094520551241764,31.22786659160566,32.075679779052734,50760900
2022-09-09 04:00:00,32.21699130896769,32.45249562614799,32.20756912391449,32.367713928222656,41327100
2022-09-12 04:00:00,32.49959171505885,32.80103691594959,32.42422861808104,32.631473541259766,41969600
2022-09-13 04:00:00,31.990900316647952,32.10394495761159,31.312650438416654,31.416269302368164,60771600
2022-09-14 04:00:00,31.482202684836764,31.632928836746736,31.039457190883585,31.32206153869629,39233200
2022-09-15 04:00:00,31.359754500584202,31.83076311635683,31.274972806004705,31.425695419311523,47653000
2022-09-16 04:00:00,31.11482633541935,31.199608025441353,30.81338112501009,31.143089294433594,53893300
2022-09-19 04:00:00,30.776604188666266,31.515241533222042,30.776604188666266,31.496301651000977,36491400
2022-09-20 04:00:00,31.240620772324938,31.306908550709906,30.748194695455904,31.032285690307617,42193600
2022-09-21 04:00:00,31.23115453178045,31.344790227273478,30.369409648429944,30.388349533081055,49644600
2022-09-22 04:00:00,30.454635539814827,30.501983442463224,29.820163890810072,29.876981735229492,52299500
2022-09-23 04:00:00,29.583421071674447,29.64970885855171,28.97735924170323,29.40349578857422,56801000
2022-09-26 04:00:00,29.1856909772911,29.46031385813214,28.73114462921624,28.939477920532227,49969700
2022-09-27 04:00:00,29.16675264298787,29.31826810038988,28.522812852132688,28.816373825073242,60630400
2022-09-28 04:00:00,28.901597773700246,29.555007422273032,28.825840054755293,29.384553909301758,46088700
2022-09-29 04:00:00,29.072053638460165,29.1856893159069,28.65538527334025,29.015233993530273,41860000
2022-09-30 04:00:00,29.03417685971471,29.39402742310176,28.674328102534368,28.750085830688477,37984300
2022-10-03 04:00:00,29.034173799824558,29.67811532437332,28.693263155956032,29.526599884033203,47086100
2022-10-04 04:00:00,29.981144346067417,30.653493845111726,29.94326639143428,30.625085830688477,53441800
2022-10-05 04:00:00,30.15160639356263,30.558804882527408,30.047438834188345,30.388349533081055,41766800
2022-10-06 04:00:00,30.217894636891394,30.42622975876491,29.89592381782036,29.96221160888672,34717900
2022-10-07 04:00:00,29.6970580570405,29.791753861689475,29.090994431288227,29.25197982788086,36380700
2022-10-10 04:00:00,29.412964802971008,29.536072237181195,28.94894850325517,29.119403839111328,31011700
2022-10-11 04:00:00,28.93000930617529,29.23304202499844,28.626978393558854,28.750085830688477,50431900
2022-10-12 04:00:00,28.759555563908396,29.062586474327137,28.579630283519755,28.68379783630371,48265700
2022-10-13 04:00:00,28.106144220395286,29.943271384722124,28.020916550500292,29.86751365661621,83086100
2022-10-14 04:00:00,30.132664979443334,30.483043796670316,29.299329965367754,29.365617752075195,60886900
2022-10-17 04:00:00,29.990618185183944,30.30311902791101,29.905390518421413,30.10425567626953,47222200
2022-10-18 04:00:00,30.890248304388184,30.928128079173668,30.236838445202274,30.587217330932617,48150700
2022-10-19 04:00:00,30.322058821050582,30.577741820581448,29.91486037132513,30.085315704345703,35205700
2022-10-20 04:00:00,30.047436184540903,30.350467087409474,29.5171321045209,29.602359771728516,43124400
2022-10-21 04:00:00,29.687590284822985,30.51145721140458,29.469787028283157,30.48304557800293,54487300
2022-10-24 04:00:00,30.662966461567226,31.032285109199925,30.568267056781327,30.89023780822754,40117200
2022-10-25 04:00:00,30.72925548533636,31.316377369175626,30.672435840159757,31.259557723999023,33950300
2022-10-26 04:00:00,31.35425176813349,31.68569061059079,31.269024121156978,31.335311889648438,38012100
2022-10-27 04:00:00,31.628888914142742,31.941388019664316,31.5341894788225,31.59100914001465,41232200
2022-10-28 04:00:00,31.676226120110947,32.41486340390416,31.619406478121903,32.376983642578125,36421300
2022-10-31 04:00:00,32.16865915264108,32.39593054503239,32.13077938310464,32.17812728881836,40083800
2022-11-01 04:00:00,32.443278743427705,32.52850641944673,32.12130792429068,32.26335525512695,38946100
2022-11-02 04:00:00,32.19706222946153,32.765244235604435,31.82774356422733,31.856151580810547,58039800
2022-11-03 04:00:00,31.458423775180012,31.780394530469145,31.325848219310302,31.5341796875,40828100
2022-11-04 04:00:00,31.988728050355878,32.2822908089052,31.65728913942374,32.11183547973633,41825600
2022-11-07 05:00:00,32.34857209617982,32.45273962224763,32.14023704404423,32.433799743652344,30060300
2022-11-08 05:00:00,32.4432761910288,32.78418686828455,32.28229260033214,32.62320327758789,34839600
2022-11-09 05:00:00,32.40539420326655,32.5284980049053,32.007663947258926,32.073951721191406,42126200
2022-11-10 05:00:00,33.04933775414821,33.74062716322896,32.96411009481425,33.69327926635742,67677700
2022-11-11 05:00:00,33.8637355824616,34.11941859526944,33.74063175632016,33.96790313720703,46076100
2022-11-14 05:00:00,33.87320963273551,33.90161765417373,33.45654299784889,33.48495101928711,38002700
2022-11-15 05:00:00,33.84479406357173,33.97736961726937,33.21979244441653,33.560699462890625,57802100
2022-11-16 05:00:00,33.54176294043121,33.6269906066865,33.28608355407863,33.39971923828125,32852400
2022-11-17 05:00:00,33.011460132410356,33.23873149709699,32.91676072011325,33.21979522705078,35706900
2022-11-18 05:00:00,33.664878285173856,33.71222619701967,33.219803578926324,33.494422912597656,39455400
2022-11-21 05:00:00,33.44706017385192,33.66486336172296,33.409180416201515,33.598575592041016,24630900
2022-11-22 05:00:00,33.77850408404044,33.97737103529942,33.77850408404044,33.939491271972656,29582300
2022-11-23 05:00:00,33.882679784310625,34.1667744652447,33.882679784310625,34.081546783447266,27916900
2022-11-25 05:00:00,34.11941944846332,34.24252689009666,34.05313165967926,34.1951789855957,11266500
2022-11-28 05:00:00,34.005781824873885,34.14782914272716,33.55123546512211,33.608055114746094,34196600
2022-11-29 05:00:00,33.57017218403841,33.88267119648106,33.532292421192935,33.806915283203125,31489600
2022-11-30 05:00:00,33.75956565547884,34.39403539476175,33.276607734985944,34.38456726074219,58607000
2022-12-01 05:00:00,34.55502170380108,34.55502170380108,33.92054836805384,34.185699462890625,58157600
2022-12-02 05:00:00,33.825863482455745,34.05313489058896,33.721695915222234,34.02472686767578,40483300
2022-12-05 05:00:00,33.76904106882102,33.825860722425055,33.001992001027745,33.18191909790039,53402000
2022-12-06 05:00:00,33.14403826955313,33.33343349643327,32.62320410494284,32.88835525512695,45102200
2022-12-07 05:00:00,32.75577926635742,33.12509796728211,32.680019731596744,32.75577926635742,37775900
2022-12-08 05:00:00,32.850478926076875,33.01146615012196,32.670555428533646,32.7841911315918,46600900
2022-12-09 05:00:00,32.661079385647064,32.93569863386044,32.651607638776916,32.69895553588867,40885600
2022-12-12 05:00:00,32.717908375433375,33.172454870076784,32.56639287721891,33.134578704833984,72570900
2022-12-13 05:00:00,33.996312345821,33.996312345821,33.00198838497404,33.21979522705078,55659000
2022-12-14 05:00:00,33.13456598274205,33.4565367443782,32.66107978106614,32.803123474121094,54685100
2022-12-15 05:00:00,32.29175523665256,32.42433439821791,31.95084822986574,32.1591796875,70330100
2022-12-16 05:00:00,31.818273988169757,32.00766920727823,31.619410633691864,31.912973403930664,59619300
2022-12-19 05:00:00,31.827205657958984,32.151195307233934,31.627091731153623,31.827205657958984,37456800
2022-12-20 05:00:00,31.951091645722308,32.17979179194941,31.836743390141507,31.960622787475586,45446400
2022-12-21 05:00:00,32.26554816592487,32.551420571673106,32.24648952086634,32.45613098144531,31318100
2022-12-22 05:00:00,32.24648833108344,32.27507448008407,31.646153756617004,32.17025375366211,25605100
2022-12-23 05:00:00,32.1512004065014,32.39895552579954,31.98920373863865,32.35131072998047,17116200
2022-12-27 05:00:00,32.41801237866091,32.494243320743436,32.20837092657072,32.34177780151367,25601100
2022-12-28 05:00:00,32.39896409875802,32.48472620795149,32.189322579603804,32.227439880371094,24395100
2022-12-29 05:00:00,32.39895190945117,32.73246907802266,32.32271733659797,32.675296783447266,26624200
2022-12-30 05:00:00,32.43707684233312,32.656245838354444,32.32272495609692,32.589542388916016,24735700
2023-01-03 05:00:00,32.82777115092689,33.05646766105914,32.46566410230776,32.70389175415039,37396500
2023-01-04 05:00:00,33.037402570754544,33.466212987470804,32.94211298262417,33.22798538208008,44669300
2023-01-05 05:00:00,33.11363912413406,33.11363912413406,32.75153212452677,32.98023223876953,45585700
2023-01-06 05:00:00,33.199401464373494,33.81879473405195,32.97070134839629,33.71397399902344,41229700
2023-01-09 05:00:00,33.82831930606923,34.018902113679744,33.50432962365077,33.590091705322266,48726600
2023-01-10 05:00:00,33.53291524420329,33.80926012913144,33.41856701546444,33.78067398071289,34663700
2023-01-11 05:00:00,33.86644205187149,34.09513854980469,33.799738603718865,34.09513854980469,32014700
2023-01-12 05:00:00,34.209486962538435,34.36195249071138,33.94266956193709,34.16183853149414,56642400
2023-01-13 05:00:00,33.72350414520304,34.466773218967575,33.59962475455385,34.41912841796875,65920900
2023-01-17 05:00:00,34.333356419877475,34.352415061793266,34.08560134510077,34.19042205810547,65345200
2023-01-18 05:00:00,33.99985204523018,34.20949354998631,33.52339672355943,33.55198287963867,53693000
2023-01-19 05:00:00,33.142222941259895,33.33280575052978,32.9325851226213,33.16128158569336,61169500
2023-01-20 05:00:00,33.25657604997557,33.70444148816287,33.10411052387811,33.68538284301758,42330100
2023-01-23 05:00:00,33.713973149405184,34.21901453083509,33.609152417018244,34.07607650756836,44997300
2023-01-24 05:00:00,34.01890759551539,34.24760409344859,33.637741918873,34.09513854980469,34333500
2023-01-25 05:00:00,33.79974390284007,34.37148887237649,33.7902127601438,34.361961364746094,38458700
2023-01-26 05:00:00,34.44772110166397,34.60018665871286,34.21902094855784,34.54301071166992,29944200
2023-01-27 05:00:00,34.49536590666695,34.74312107372178,34.44772110166397,34.54301071166992,30787400
2023-01-30 05:00:00,34.3619553431603,34.61924162488462,34.31430690816061,34.371482849121094,31595000
2023-01-31 05:00:00,34.4381813500183,34.847933113723315,34.2761883264936,34.83840560913086,30282100
2023-02-01 05:00:00,34.47629863851753,35.14333664699533,34.40006406151906,34.83840560913086,51418700
2023-02-02 05:00:00,35.028986337241655,35.076634767514264,34.65735184553045,34.93369674682617,42107300
2023-02-03 05:00:00,34.65735907511053,35.162404187847436,34.64783156810747,34.867000579833984,43155000
2023-02-06 05:00:00,34.66688482535726,34.86699515688841,34.59065024092726,34.85746765136719,32273600
2023-02-07 05:00:00,34.63828962139716,35.36250351995821,34.63828962139716,35.25768280029297,33000500
2023-02-08 05:00:00,35.00040512482855,35.3529810211835,34.9527603228993,35.04804992675781,34555500
2023-02-09 05:00:00,35.19098748770749,35.29580823156162,34.58112530717287,34.65735626220703,44329600
2023-02-10 05:00:00,34.48583713702051,34.800299414791134,34.37148887013386,34.77171325683594,28108900
2023-02-13 05:00:00,34.752652839811994,35.171932220458984,34.72406304824434,35.171932220458984,32209000
2023-02-14 05:00:00,35.10522552221179,35.333925658297275,34.76217713561623,34.981346130371094,33525300
2023-02-15 05:00:00,34.70499279937346,35.038513599041224,34.65734800943934,35.01945495605469,28510000
2023-02-16 05:00:00,34.68593638879787,34.933691467475086,34.60017431635877,34.66687774658203,34379100
2023-02-17 05:00:00,34.49535899827056,34.72405547050997,34.39053826721713,34.67641067504883,35889800
2023-02-21 05:00:00,34.38101391975252,34.42865871958942,33.80926541651403,33.96173095703125,36425200
2023-02-22 05:00:00,33.96173561577479,34.09514252764446,33.74256659840808,33.92361831665039,31065200
2023-02-23 05:00:00,34.06655391201315,34.228546969001094,33.63774341547821,33.952205657958984,42357600
2023-02-24 05:00:00,33.65679946058692,34.08560992395687,33.5996235204492,33.98078918457031,48732600
2023-02-27 05:00:00,34.29524977944892,34.352422081815355,33.904556627996605,33.97126007080078,31664600
2023-02-28 05:00:00,34.018901408617715,34.209484212278284,33.93313932872368,34.037960052490234,32531400
2023-03-01 05:00:00,33.88550465259171,34.076083878082265,33.79021140478072,33.92361831665039,32790300
2023-03-02 05:00:00,33.723502275159596,33.799736860582584,33.361395264530614,33.761619567871094,38401900
2023-03-03 05:00:00,33.89502187503336,34.30477362862488,33.828318439338425,34.29524612426758,33091600
2023-03-06 05:00:00,34.31430995309891,34.533482595363466,34.21902034477432,34.3238410949707,30111100
2023-03-07 05:00:00,34.199957375185996,34.22854352705861,33.35186760902408,33.43762969970703,53804400
2023-03-08 05:00:00,33.39950566467842,33.58056095016159,33.142219444568944,33.313743591308594,50860300
2023-03-09 05:00:00,33.12317126185564,33.18034720717879,31.798626093259408,31.960622787475586,107108500
2023-03-10 05:00:00,31.5889825858129,32.132141246595,30.99817549490986,31.37934112548828,166569400
2023-03-13 04:00:00,30.264437625318145,30.79806699512566,29.892803112822335,30.14055824279785,165965900
2023-03-14 04:00:00,31.293582146084216,31.30310965201505,30.369259580521987,30.750423431396484,128115500
2023-03-15 04:00:00,29.88327103903276,30.05479520363692,29.502105421009134,29.93091583251953,132235000
2023-03-16 04:00:00,29.73080936064704,30.817126786804003,29.44493511018869,30.50266456604004,133892600
2023-03-17 04:00:00,30.21679005286523,30.21679005286523,29.44493308307746,29.52116584777832,136760600
2023-03-20 04:00:00,29.75387172153776,30.10819929204127,29.705990456642798,29.84963607788086,75384500
2023-03-21 04:00:00,30.52956143711467,30.68278551272963,30.46252693146935,30.606172561645508,115899200
2023-03-22 04:00:00,30.60617344429295,30.69236119019486,29.87836865353757,29.897520065307617,67874100
2023-03-23 04:00:00,29.954980095283172,30.26142460546659,29.485736710745638,29.6964168548584,82366300
2023-03-24 04:00:00,29.332510391603787,29.70599120813474,29.10267702649801,29.677261352539062,76619100
2023-03-27 04:00:00,30.18481083596026,30.25184533837644,29.916670999742333,30.089046478271484,61393300
2023-03-28 04:00:00,30.050737920157705,30.184808742243675,29.89751568910494,30.0794677734375,42980100
2023-03-29 04:00:00,30.405067604345643,30.529559990853254,30.27099859940618,30.51998519897461,52147200
2023-03-30 04:00:00,30.740242702180392,30.75939594065502,30.28057776466284,30.452951431274414,45061700
2023-03-31 04:00:00,30.625327197238782,30.797702691939172,30.510411418474106,30.788127899169922,49034400
2023-04-03 04:00:00,30.759397119499184,30.970079097687684,30.66363457656269,30.845584869384766,51213500
2023-04-04 04:00:00,30.92219468333168,30.97007594993334,30.357186969976517,30.558290481567383,45939300
2023-04-05 04:00:00,30.328456483444064,30.606171111754833,30.318879865012217,30.51998519897461,57965300
2023-04-06 04:00:00,30.462525567637613,30.6923589309403,30.433797538820528,30.63490104675293,36762300
2023-04-10 04:00:00,30.519984628106425,30.71151151350131,30.45294830033739,30.701936721801758,27900700
2023-04-11 04:00:00,30.778544994352643,31.104142697938276,30.75939175848217,30.970073699951172,53912600
2023-04-12 04:00:00,31.123298591257264,31.286095630397323,30.826428889576153,30.90304183959961,63645800
2023-04-13 04:00:00,30.922190519327298,31.199906942568514,30.71150859092279,31.180753707885742,58550300
2023-04-14 04:00:00,31.506349201979788,31.745759139219434,31.333973754918784,31.48719596862793,65276200
2023-04-17 04:00:00,31.468050928869285,31.860683182050938,31.333981913603356,31.851104736328125,69670600
2023-04-18 04:00:00,31.918152301156915,32.01391486795961,31.678742231042417,31.946880340576172,49507500
2023-04-19 04:00:00,31.898985095239244,32.10966338061449,31.841525388442633,32.023475646972656,39478900
2023-04-20 04:00:00,31.812799533182307,32.0139030410388,31.803221088175953,31.927715301513672,39291800
2023-04-21 04:00:00,31.831956507587762,31.851106093636066,31.630849323012175,31.812803268432617,41545000
2023-04-24 04:00:00,31.79364669263639,31.908562462400372,31.659577685727335,31.736186981201172,32774200
2023-04-25 04:00:00,31.53508337406013,31.59254308531901,31.180757620729803,31.190332412719727,58534300
2023-04-26 04:00:00,31.104145092453727,31.2765205754519,30.75939412645738,30.893463134765625,54294200
2023-04-27 04:00:00,31.008385612563018,31.448899155559772,31.008385612563018,31.39143943786621,46398800
2023-04-28 04:00:00,31.238210471686678,31.793643330844137,31.171175975320235,31.764911651611328,54598700
2023-05-01 04:00:00,31.851099916390286,32.0139005910818,31.640421632756617,31.678728103637695,31950600
2023-05-02 04:00:00,31.554232563554223,31.563807354315948,30.673202036130363,30.96049690246582,76096700
2023-05-03 04:00:00,30.99880480318521,31.152027052246883,30.57744453154225,30.606172561645508,65642400
2023-05-04 04:00:00,30.33803525277095,30.500834124548007,29.935826382883707,30.21354103088379,76076600
2023-05-05 04:00:00,30.71150850538922,31.008378162486405,30.663627245368634,30.96049690246582,55019400
2023-05-08 04:00:00,31.132873361280865,31.238214340934825,30.970076322256766,31.00838279724121,34323600
2023-05-09 04:00:00,30.778547363802343,31.01795735095464,30.711512859648217,30.893463134765625,29736200
2023-05-10 04:00:00,31.09456930022057,31.16160380221862,30.45294865567388,30.72109031677246,39706100
2023-05-11 04:00:00,30.529560702625414,30.72109124917454,30.395491694560242,30.673206329345703,36693200
2023-05-12 04:00:00,30.87431709132507,30.87431709132507,30.347613963253515,30.548717498779297,36253000
2023-05-15 04:00:00,30.60616647340763,30.85515486179521,30.548708598077454,30.79769515991211,33208500
2023-05-16 04:00:00,30.740239936292,30.826427675119625,30.491255164737968,30.510408401489258,31241400
2023-05-17 04:00:00,30.749821530236826,31.20948830002207,30.68278702129565,31.123300552368164,46818800
2023-05-18 04:00:00,31.065843022171073,31.39144079698458,30.950927234915426,31.353137969970703,42232500
2023-05-19 04:00:00,31.429740935527082,31.525503463400284,31.07541519866872,31.219058990478516,40132900
2023-05-22 04:00:00,31.32439913070638,31.39143362905775,31.084989164278284,31.276517868041992,35286200
2023-05-23 04:00:00,31.1424538489581,31.30525089865872,30.893465398336637,30.91261863708496,42217200
2023-05-24 04:00:00,30.682783879144505,30.711511907718254,30.44337389941293,30.510408401489258,46610700
2023-05-25 04:00:00,30.433797102321222,30.60617075241105,30.31887950904149,30.500831604003906,41658900
2023-05-26 04:00:00,30.567870495484904,30.82643192102779,30.51998922356489,30.74982261657715,44183000
2023-05-30 04:00:00,30.797699807600257,30.864734310027142,30.53913658976525,30.7402400970459,57900500
2023-05-31 04:00:00,30.558291781148817,30.587021638263582,30.156082914308726,30.41464614868164,67667900
2023-06-01 04:00:00,30.58701968189388,30.807274599472784,30.376337729634304,30.7402400970459,48643400
2023-06-02 04:00:00,31.037112111696242,31.525506902091987,31.037112111696242,31.41059112548828,65752900
2023-06-05 04:00:00,31.448894794664156,31.448894794664156,31.104143842521758,31.247791290283203,53591100
2023-06-06 04:00:00,31.219060813688543,31.68830599512645,31.199911229480577,31.640424728393555,46236100
2023-06-07 04:00:00,31.669149129118143,31.831949801083837,31.477620431025706,31.764911651611328,48467100
2023-06-08 04:00:00,31.659577685727335,31.784068247510625,31.487202204528135,31.736186981201172,36261200
2023-06-09 04:00:00,31.67873498867436,31.879838524848545,31.65958174907107,31.745769500732422,34021700
2023-06-12 04:00:00,31.774493455491317,31.860681196090916,31.496776996547442,31.736186981201172,33655200
2023-06-13 04:00:00,31.707458556750883,32.061784306751335,31.66915208293829,31.927715301513672,46054400
2023-06-14 04:00:00,32.004322335203,32.16712301085285,31.697877872562742,31.803218841552734,57195400
2023-06-15 04:00:00,31.697877827911128,32.301191961118214,31.669149801174747,32.22458267211914,52241800
2023-06-16 04:00:00,32.368229113623656,32.39696079582264,32.11924433757322,32.15755081176758,49861100
2023-06-20 04:00:00,31.94592350680173,32.00364104170988,31.724678460567553,31.91706657409668,50683100
2023-06-21 04:00:00,31.84010936677002,32.03249747731354,31.743917146247256,31.87858772277832,35967600
2023-06-22 04:00:00,31.82086707342885,31.83048482563123,31.522665382193956,31.62847900390625,38690000
2023-06-23 04:00:00,31.388006529292092,31.5996301820687,31.282192868154496,31.493820190429688,35529600
2023-06-26 04:00:00,31.44571279396868,31.686196994909242,31.339902827932896,31.42647361755371,25728300
2023-06-27 04:00:00,31.484192327212096,31.743915714305242,31.464953150075807,31.67658042907715,34348100
2023-06-28 04:00:00,31.638102989173696,31.647724412768824,31.455336305343586,31.599624633789062,36663200
2023-06-29 04:00:00,31.763161347521002,32.14793395996094,31.724682985427435,32.14793395996094,47471000
2023-06-30 04:00:00,32.35954842534799,32.56155424183331,32.30183457463625,32.426883697509766,44762300
2023-07-03 04:00:00,32.42689454328178,32.705857146683094,32.378798428436326,32.60966491699219,19128000
2023-07-05 04:00:00,32.41726745327803,32.628891031558844,32.32107158178921,32.542320251464844,39831600
2023-07-06 04:00:00,32.27298063845877,32.30184123926638,31.98440031686781,32.263362884521484,45808400
2023-07-07 04:00:00,32.12869949538863,32.58080742147583,32.12869949538863,32.311466217041016,33488700
2023-07-10 04:00:00,32.32107907510879,32.638520020371466,32.2922221417206,32.455753326416016,27254400
2023-07-11 04:00:00,32.571185411552015,32.879004939132685,32.50385011923738,32.84052658081055,33744600
2023-07-12 04:00:00,33.109872231509485,33.28302119789671,32.96558387251928,33.05215835571289,46546000
2023-07-13 04:00:00,33.100251983913275,33.215683396316635,33.04253444296238,33.16758728027344,40453700
2023-07-14 04:00:00,33.408067922822084,33.417689346690935,32.898242542714335,32.94633865356445,47552700
2023-07-17 04:00:00,32.90786317688724,33.35997473133883,32.90786317688724,33.2637825012207,38568900
2023-07-18 04:00:00,33.340737105346555,33.66779584028931,33.292640988045854,33.638938903808594,47160800
2023-07-19 04:00:00,33.63893766658832,33.91789660447188,33.629316241782924,33.783226013183594,45599800
2023-07-20 04:00:00,33.725513271598764,34.04295058033606,33.71589184647121,34.03333282470703,45591500
2023-07-21 04:00:00,34.09104138639031,34.11028056414959,33.83131799088688,33.91789245605469,30615700
2023-07-24 04:00:00,33.93713363223863,34.35076680467562,33.92751587754161,34.24495315551758,32299800
2023-07-25 04:00:00,34.148757343723865,34.2257140512095,33.994847598250374,34.023704528808594,36218600
2023-07-26 04:00:00,33.985231419417204,34.33152561065627,33.93713164026088,34.22571563720703,35638700
2023-07-27 04:00:00,34.22571904875661,34.31228985307211,33.744750565235,33.7928466796875,44072800
2023-07-28 04:00:00,34.06218960861236,34.07180736419833,33.67741333420022,33.86018371582031,32422700
2023-07-31 04:00:00,33.92751957860915,34.09104711278445,33.84094509889912,33.98523712158203,28627000
2023-08-01 04:00:00,33.91789815336439,34.01409405831919,33.802466736917204,33.98523712158203,26480300
2023-08-02 04:00:00,33.69664001464844,33.82169280786714,33.504255618308456,33.69664001464844,48923800
2023-08-03 04:00:00,33.49464392142713,33.79284569352764,33.39845169532926,33.71588897705078,31861600
2023-08-04 04:00:00,33.68702854420135,34.014087216261466,33.55235797385268,33.581214904785156,36195700
2023-08-07 04:00:00,33.7928469197312,34.11028421297121,33.78322549507336,34.05257034301758,33119300
2023-08-08 04:00:00,33.61006911821042,33.77360027576725,33.350345752324294,33.74474334716797,37254800
2023-08-09 04:00:00,33.72551064665056,33.82170287344805,33.45616580652077,33.49464416503906,38304200
2023-08-10 04:00:00,33.66779053381464,33.91789250605816,33.43692406986081,33.52349853515625,38097500
2023-08-11 04:00:00,33.41768271111426,33.64854546515283,33.34072601343653,33.59082794189453,27518700
2023-08-14 04:00:00,33.494641603223755,33.590833822664045,33.36958878235301,33.52349853515625,23773800
2023-08-15 04:00:00,33.24454376585574,33.283018456718466,32.86938525658222,32.90786361694336,57472100
2023-08-16 04:00:00,32.85014634477578,33.109866076577504,32.82128574274379,32.859764099121094,33566500
2023-08-17 04:00:00,32.965580650827135,33.01367676579015,32.60004357201115,32.69623947143555,38205400
2023-08-18 04:00:00,32.4653661576175,32.78280705473971,32.436509228605516,32.68661117553711,40860000
2023-08-21 04:00:00,32.73471442905311,32.802049724450946,32.38841652729378,32.64813995361328,32308300
2023-08-22 04:00:00,32.6577538510417,32.696232202256766,32.292216853493606,32.34031295776367,43133000
2023-08-23 04:00:00,32.39802963110926,32.66737074352429,32.34993352810621,32.657752990722656,30240500
2023-08-24 04:00:00,32.60965552675837,33.00404942611929,32.542320251464844,32.542320251464844,35784900
2023-08-25 04:00:00,32.67700029155067,32.821288636439725,32.4268946225456,32.69623947143555,40347200
2023-08-28 04:00:00,32.802041102793574,32.99442918314815,32.773184175064486,32.878997802734375,34905300
2023-08-29 04:00:00,32.85014167367762,33.18681807036053,32.80204190029648,33.17720031738281,43394300
2023-08-30 04:00:00,33.2253060713985,33.38883360599814,33.12911016619409,33.19644546508789,33799900
2023-08-31 04:00:00,33.29263326851109,33.30225102194176,33.03290989191087,33.071388244628906,27999700
2023-09-01 04:00:00,33.27339092673651,33.47539675504214,33.24453399969209,33.36958312988281,41075700
2023-09-05 04:00:00,33.33111496726184,33.46578554579655,33.023295453611645,33.03291320800781,38612300
2023-09-06 04:00:00,32.94634039704419,33.08101098235034,32.773191453222495,33.013675689697266,35672800
2023-09-07 04:00:00,32.879005021979154,33.0713931445764,32.8309089087044,32.927101135253906,47632600
2023-09-08 04:00:00,32.95595600068563,33.06176964494714,32.83090684792021,32.99443435668945,39720800
2023-09-11 04:00:00,33.14834213256836,33.32149105475223,33.061767671476424,33.14834213256836,28965100
2023-09-12 04:00:00,33.13872037453275,33.6100673072459,33.1002420254753,33.36958312988281,48615200
2023-09-13 04:00:00,33.52349285661529,33.56197120567275,33.24453399969209,33.36958312988281,31994900
2023-09-14 04:00:00,33.600457079880464,33.72550990757532,33.436925894510544,33.67741012573242,65685500
2023-09-15 04:00:00,33.45615743129248,33.706263029553085,33.436918256849566,33.50425720214844,51800200
2023-09-18 04:00:00,33.46077771515699,33.64436135992759,33.354491089168576,33.59605026245117,32458700
2023-09-19 04:00:00,33.625039845465686,33.69267612647825,33.344830289327426,33.557403564453125,36112900
2023-09-20 04:00:00,33.67334640732164,33.779633030551636,33.31583987219376,33.325504302978516,31618000
2023-09-21 04:00:00,33.209564773953076,33.209564773953076,32.774757385253906,32.774757385253906,48103300
2023-09-22 04:00:00,32.82307147361572,32.85205740360098,32.523536682128906,32.523536682128906,41688300
2023-09-25 04:00:00,32.455900684467174,32.620159203751676,32.34961402568233,32.60083770751953,40141700
2023-09-26 04:00:00,32.3592751849712,32.504208507454834,32.1080515285576,32.1660270690918,46165400
2023-09-27 04:00:00,32.252982664239845,32.252982664239845,31.837500580816553,32.11771011352539,49360900
2023-09-28 04:00:00,32.14669672984875,32.46555293686206,32.1370322983601,32.349605560302734,63638100
2023-09-29 04:00:00,32.504204175212095,32.55251527626761,31.972774691799916,32.050071716308594,52860500
2023-10-02 04:00:00,31.943789836346117,32.02108686343912,31.605604745849227,31.77952766418457,49350600
2023-10-03 04:00:00,31.62493019018333,31.71189165008268,31.151476219765353,31.277084350585938,52921800
2023-10-04 04:00:00,31.286751477392794,31.528310699484678,31.122489289701683,31.50898551940918,40136000
2023-10-05 04:00:00,31.422018747965247,31.711889028364993,31.35438247206866,31.653913497924805,41407800
2023-10-06 04:00:00,31.518643801399953,32.10804884695054,31.41235716224809,31.92446517944336,54057800
2023-10-09 04:00:00,31.63459872758845,32.011430540753786,31.605609113259394,31.94379425048828,61396600
2023-10-10 04:00:00,32.040409516693046,32.37859089463816,32.03074877128058,32.175682067871094,44743400
2023-10-11 04:00:00,32.27230999656598,32.39791812439065,31.98243601321474,32.223995208740234,35746400
2023-10-12 04:00:00,32.32062623819024,32.32062623819024,31.79885740826612,32.02109146118164,41991200
2023-10-13 04:00:00,32.22399478698357,32.523529512439076,31.91479931562984,32.088722229003906,53213800
2023-10-16 04:00:00,32.330276896034995,32.58150048503361,32.26264062651234,32.426902770996094,45589300
2023-10-17 04:00:00,32.28197765763337,32.79408208235577,32.2723169095393,32.581512451171875,41925200
2023-10-18 04:00:00,32.4172484574052,32.446238071890804,31.95345517055089,32.02109146118164,46942100
2023-10-19 04:00:00,31.963116388983597,32.13703562889646,31.576620179196933,31.595945358276367,66656200
2023-10-20 04:00:00,31.586279356953757,31.644254891312524,31.083835783546952,31.112825393676758,59921300
2023-10-23 04:00:00,31.04518845706957,31.26742247189668,30.890588878330732,30.91957664489746,55913700
2023-10-24 04:00:00,31.06451627259113,31.2770858736624,30.967890375830482,31.132152557373047,35825000
2023-10-25 04:00:00,31.016199111938477,31.228772382672393,30.9292376544474,31.016199111938477,59240100
2023-10-26 04:00:00,30.93890568965489,31.25776194699076,30.890592739338384,30.948566436767578,56046100
2023-10-27 04:00:00,30.90991619513141,30.94856471027796,30.301187798706724,30.38814926147461,73057300
2023-10-30 04:00:00,30.60072233383034,31.006541900735833,30.523423456465036,30.929241180419922,48978100
2023-10-31 04:00:00,30.987214071423733,31.277084376023684,30.929238536143384,31.267423629760742,41050100
2023-11-01 04:00:00,31.32539230410785,31.59594108876004,31.257756029419937,31.47032928466797,51764100
2023-11-02 04:00:00,31.76020390094394,32.23366157437313,31.70223204951659,32.21433639526367,47417000
2023-11-03 04:00:00,32.52352939625479,32.794074511247636,32.51386865039108,32.63947677612305,58801300
2023-11-06 05:00:00,32.72644180242176,32.774752908811756,32.36893519205437,32.5428581237793,40599700
2023-11-07 05:00:00,32.44623007051913,32.57183818734282,32.38825454174631,32.49454116821289,27442000
2023-11-08 05:00:00,32.484880577503084,32.56218129167201,32.330282835066164,32.5331916809082,30165800
2023-11-09 05:00:00,32.63948174413754,32.687796538512266,32.33995066006156,32.39792251586914,34336600
2023-11-10 05:00:00,32.552517659097376,32.794076867957735,32.3592732407299,32.76509094238281,35146100
2023-11-13 05:00:00,32.649141522114505,32.803739258727,32.6008304205295,32.71677780151367,28327300
2023-11-14 05:00:00,33.074282573730905,33.518750581530135,33.04529665153983,33.335166931152344,54296300
2023-11-15 05:00:00,33.39314112200376,33.61537511698935,33.383476691060665,33.51874923706055,35000200
2023-11-16 05:00:00,33.615375678876575,33.69267269821121,33.50908905212851,33.65402603149414,33222500
2023-11-17 05:00:00,33.77963841999526,33.83761395625246,33.692676958559936,33.82794952392578,31336100
2023-11-20 05:00:00,33.77963516614895,34.04051952532506,33.71199888998114,33.96322250366211,37285400
2023-11-21 05:00:00,33.914911450535016,34.0308625246398,33.885925524959326,33.94390106201172,27285700
2023-11-22 05:00:00,34.02119850399389,34.14681032617737,33.96322665214078,34.07917404174805,32719200
2023-11-24 05:00:00,34.079176301679745,34.243434807357616,34.069511868462634,34.185462951660156,13168500
2023-11-27 05:00:00,34.059843039156256,34.127479312021556,33.99220676629096,34.06950378417969,35017000
2023-11-28 05:00:00,34.0308590480886,34.17579234706185,33.972883516958916,34.059844970703125,39329300
2023-11-29 05:00:00,34.15646606546738,34.50431186919556,34.15646606546738,34.3014030456543,36651300
2023-11-30 05:00:00,34.37870886106258,34.687904357910156,34.27242221791477,34.687904357910156,37334500
2023-12-01 05:00:00,34.62993142171164,34.98743805069392,34.57195587948424,34.948787689208984,51267600
2023-12-04 05:00:00,34.745875001208084,35.04540974094125,34.707224643971365,34.91013717651367,41366600
2023-12-05 05:00:00,34.80384996518446,34.81351071138443,34.58161594357636,34.73621368408203,39510900
2023-12-06 05:00:00,34.9294612014703,35.05506932948961,34.5139790896506,34.56229019165039,35616100
2023-12-07 05:00:00,34.64925021838427,34.74587241839277,34.56228876401635,34.72654724121094,26050900
2023-12-08 05:00:00,34.68790315125394,34.968109026467815,34.64925279401722,34.91013717651367,33213100
2023-12-11 05:00:00,34.919794724191334,35.19033982826434,34.919794724191334,35.122703552246094,31165700
2023-12-12 05:00:00,35.20966590560827,35.38358881578921,35.06473260439128,35.37392807006836,37245700
2023-12-13 05:00:00,35.38359254395662,35.9826620469896,35.3159562590821,35.94401168823242,56989000
2023-12-14 05:00:00,36.23388501078817,36.43679388223225,36.10827317736505,36.30152130126953,66865700
2023-12-15 05:00:00,36.001982020862755,36.17590494202787,35.93434573884309,36.08894348144531,69246200
2023-12-18 05:00:00,36.26760943764262,36.33558056739776,36.170508882034916,36.2093505859375,43434000
2023-12-19 05:00:00,36.189937698464185,36.49095541373237,36.09283341733756,36.48124313354492,32509000
2023-12-20 05:00:00,36.38414322169797,36.47153522423474,35.83066177368164,35.83066177368164,52985700
2023-12-21 05:00:00,35.98602421860706,36.18993765248957,35.85007822520248,36.18022537231445,27522200
2023-12-22 05:00:00,36.28703729891093,36.40356243312704,36.121965581662316,36.25790786743164,30331400
2023-12-26 05:00:00,36.28702790498292,36.471524134321605,36.2287690571063,36.4035530090332,17837600
2023-12-27 05:00:00,36.32587193664874,36.520076751708984,36.267609380886036,36.520076751708984,32640800
2023-12-28 05:00:00,36.461820486806815,36.70457562147816,36.452111911245694,36.626895904541016,25308000
2023-12-29 05:00:00,36.61718119199063,36.67544375393459,36.40355920649445,36.51036834716797,30218300
2024-01-02 05:00:00,36.41327341954994,36.685158009088006,36.345302272165426,36.66573715209961,31351900
2024-01-03 05:00:00,36.50066173223741,36.5589242973099,36.29674831070772,36.35500717163086,46909000
2024-01-04 05:00:00,36.4812352758874,36.79196150026644,36.43268499785607,36.50065612792969,36904200
2024-01-05 05:00:00,36.500657998014624,36.85022594438811,36.48123714497732,36.65602111816406,44852300
2024-01-08 05:00:00,36.66573063989107,36.90848575290561,36.47152951279869,36.889068603515625,39098300
2024-01-09 05:00:00,36.69486282423866,36.70457139868283,36.53949970408922,36.65602111816406,36338100
2024-01-10 05:00:00,36.59775787346103,36.743412416437735,36.481236461569004,36.71428298950195,37095500
2024-01-11 05:00:00,36.665730611831194,36.714284597716194,36.287033228482166,36.578338623046875,49043500
2024-01-12 05:00:00,36.7531234657107,36.88906944357992,36.36471749853181,36.51036834716797,41333900
2024-01-16 05:00:00,36.19964530032358,36.3258790103163,36.05399443877766,36.25790786743164,44042100
2024-01-17 05:00:00,35.94717107835064,36.33557696643808,35.92775022832401,36.18992614746094,38715900
2024-01-18 05:00:00,36.14138280463955,36.287033651545485,35.87920683522993,36.24819564819336,42064900
2024-01-19 05:00:00,36.384134436433236,36.879353195133646,36.267609325087115,36.83080291748047,59417700
2024-01-22 05:00:00,36.98617149143186,37.1900849101831,36.91820035184812,37.005592346191406,51828800
2024-01-23 05:00:00,36.986170689627144,37.09298353641443,36.908487272273035,37.06385040283203,46255500
2024-01-24 05:00:00,37.219219268299184,37.41342041398204,37.18037755750285,37.20950698852539,43975500
2024-01-25 05:00:00,37.355162998928726,37.43284271938099,37.16095814157373,37.39400100708008,50693800
2024-01-26 05:00:00,37.33574431955474,37.59792033664714,37.29690260498925,37.52994918823242,38620200
2024-01-29 05:00:00,37.41341898068786,37.656174107640986,37.31631841156632,37.627044677734375,44175600
2024-01-30 05:00:00,37.66588052227536,38.14167842269576,37.64645967064512,38.102840423583984,43229300
2024-01-31 05:00:00,38.02516661936314,38.30676348288877,37.6173397445878,37.636756896972656,65780900
2024-02-01 05:00:00,37.568785055249556,37.724148200497865,37.1415373318541,37.69501876831055,63445600
2024-02-02 05:00:00,37.56877931387557,38.02516010386242,37.549358460668785,37.85037612915039,61778400
2024-02-05 05:00:00,37.63675325298682,37.7532783809118,37.461972969397905,37.627044677734375,37351300
2024-02-06 05:00:00,37.57849347276598,37.762986031237844,37.529943189394345,37.70472717285156,41055700
2024-02-07 05:00:00,37.908640782636745,38.03487077922957,37.64646480608753,37.98632049560547,39018700
2024-02-08 05:00:00,37.8115384043542,37.957192966668224,37.59791640488286,37.84067153930664,47331500
2024-02-09 05:00:00,37.7921124270893,37.96689639651768,37.69501186813971,37.947479248046875,50680400
2024-02-12 05:00:00,37.94748077505064,38.287336449198875,37.86008878681981,38.12226104736328,39952700
2024-02-13 05:00:00,37.8309583276251,37.928062601492044,37.306606361191506,37.60762405395508,62948300
2024-02-14 05:00:00,37.83095379415512,37.99602918787247,37.68530295703271,37.966896057128906,58722500
2024-02-15 05:00:00,38.08342075972175,38.69516093648443,38.073708481529366,38.61748123168945,58107900
2024-02-16 05:00:00,38.57863741695387,38.65632082164835,38.40385346053989,38.481536865234375,37900000
2024-02-20 05:00:00,38.20965375156537,38.51067142870072,38.18052432299228,38.37472915649414,39952200
2024-02-21 05:00:00,38.326177390084915,38.491249084472656,38.190235123142315,38.491249084472656,40242400
2024-02-22 05:00:00,38.704872984851995,39.073861766846356,38.63690185450419,38.93791580200195,55188200
2024-02-23 05:00:00,39.083567949840614,39.29719360594989,39.0544385255161,39.132118225097656,42190500
2024-02-26 05:00:00,39.09327891481819,39.355454862223496,38.869944671654146,38.93791580200195,38370000
2024-02-27 05:00:00,38.97676000543061,39.05444341889418,38.78255517592071,39.04473114013672,42599500
2024-02-28 05:00:00,38.96705345673462,39.326330002309994,38.957341177472216,39.19038772583008,40040800
2024-02-29 05:00:00,39.287484698796256,39.37487668341553,39.00588789233983,39.170963287353516,37629700
2024-03-01 05:00:00,39.161259159558526,39.248647449951115,38.99618374580192,39.12241744995117,40794900
2024-03-04 05:00:00,39.05444125122867,39.32632577496251,39.04472897301027,39.219512939453125,53413200
2024-03-05 05:00:00,39.08356681829144,39.45255556702942,39.08356681829144,39.22922134399414,50770200
2024-03-06 05:00:00,39.28748525654252,39.54966121412233,39.11270128482264,39.43313980102539,58459500
2024-03-07 05:00:00,39.578791332203664,39.65647474505687,39.229227086811235,39.3748779296875,35505100
2024-03-08 05:00:00,39.43314344500382,39.646769142213266,39.39430173566587,39.44285202026367,47266600
2024-03-11 04:00:00,39.297200307750465,39.549664004631765,39.229229169968995,39.51082229614258,36233100
2024-03-12 04:00:00,39.59821227788336,39.79241710632087,39.46227000922181,39.67589569091797,53199300
2024-03-13 04:00:00,39.753571756097095,39.97690599187785,39.72444233095354,39.96719741821289,43471400
2024-03-14 04:00:00,39.97691005887433,40.0545934726917,39.43314097874894,39.646766662597656,65563400
2024-03-15 04:00:00,39.42342915715765,39.79241796877138,39.34574944658845,39.60792541503906,67568000
2024-03-18 04:00:00,39.747297144838015,39.88375122789398,39.55236486509801,39.835018157958984,39140600
2024-03-19 04:00:00,39.86426362521103,40.04945079051621,39.84476965232177,40.02995681762695,36748300
2024-03-20 04:00:00,39.98122317960018,40.53678838576189,39.91299613449927,40.50754928588867,52255300
2024-03-21 04:00:00,40.605015711858215,40.93640581239666,40.55628263903391,40.83893966674805,49209200
2024-03-22 04:00:00,40.88767475810644,40.97539578075883,40.341854648480975,40.37109375,32033000
2024-03-25 04:00:00,40.34185407937111,40.41008112734989,40.215145111083984,40.215145111083984,31784000
2024-03-26 04:00:00,40.3613457740929,40.47830589001102,40.224891685839246,40.351600646972656,30135500
2024-03-27 04:00:00,40.5465360716397,40.83894196120403,40.439324792640825,40.829193115234375,36670300
2024-03-28 04:00:00,40.877921772510994,41.150833658733696,40.80969473047906,41.05336380004883,41490200
2024-04-01 04:00:00,41.09235618498507,41.13134413267302,40.751220937953796,40.829193115234375,37537700
2024-04-02 04:00:00,40.702482371969616,40.760964290955044,40.54653430610365,40.61476135253906,36359800
2024-04-03 04:00:00,40.62451498279513,40.89742320067961,40.48806087385289,40.59527587890625,39715900
2024-04-04 04:00:00,40.93640701467056,41.01438290795564,40.08843962471905,40.13717269897461,52657500
2024-04-05 04:00:00,40.29312072160563,40.624510831499734,40.15666662660722,40.517295837402344,47540300
2024-04-08 04:00:00,40.52705198299547,40.760972268528775,40.50755800618504,40.692745208740234,35165700
2024-04-09 04:00:00,40.712238318057395,40.81945332918226,40.13717902773882,40.45882034301758,51953600
2024-04-10 04:00:00,40.06894889618417,40.22489697728779,39.72780991257931,39.85451889038086,59492800
2024-04-11 04:00:00,39.83502050727582,39.89350242550381,39.32818837025199,39.57185745239258,56870800
2024-04-12 04:00:00,39.3086952623438,39.474388441486724,38.89932930065238,39.0455322265625,81234800
2024-04-15 04:00:00,39.55236549778514,39.70831355492866,38.7336372682579,38.8505973815918,71800600
2024-04-16 04:00:00,38.87983883612422,38.967559855963394,38.52895475676755,38.58743667602539,66751300
2024-04-17 04:00:00,38.76288190461803,38.93832395872949,38.52895792643757,38.684906005859375,41561900
2024-04-18 04:00:00,38.86034958926331,39.162500631700546,38.73364432593745,38.82136535644531,48893400
2024-04-19 04:00:00,39.03578454504579,39.4354016739338,38.95781237550653,39.35742950439453,55513600
2024-04-22 04:00:00,39.57185511859608,40.05919325413591,39.4061619371981,39.835018157958984,50701200
2024-04-23 04:00:00,40.02020908508546,40.18590226671547,39.91299410022138,40.088436126708984,36488600
2024-04-24 04:00:00,39.98122342961172,40.13717149340255,39.874008438612684,40.07868957519531,33957500
2024-04-25 04:00:00,39.88376038760864,39.990975396945615,39.50363714948356,39.84477615356445,50365700
2024-04-26 04:00:00,39.776540273565075,40.01046049832758,39.688819259755405,39.786285400390625,35796900
2024-04-29 04:00:00,39.776542882918285,39.951984922046684,39.58160687076505,39.727806091308594,36596100
2024-04-30 04:00:00,39.64008752138335,39.72780854636845,39.33794021606445,39.33794021606445,34481600
2024-05-01 04:00:00,39.30870111376789,39.815529571353544,39.259964319146405,39.33794021606445,54717600
2024-05-02 04:00:00,39.610843946665106,39.669325862750505,39.15274489923363,39.435401916503906,37085100
2024-05-03 04:00:00,39.66932763251275,39.757048651506835,39.328188683937896,39.52312469482422,45012600
2024-05-06 04:00:00,39.82527567943252,40.02995681762695,39.73755466047846,40.02995681762695,42335600
2024-05-07 04:00:00,40.127428217330205,40.244392069978254,40.05920116233333,40.16641616821289,42601200
2024-05-08 04:00:00,40.127423554790994,40.38084148798732,40.02021227946431,40.31261444091797,28390900
2024-05-09 04:00:00,40.21514420137657,40.61476135253906,40.205399073926586,40.61476135253906,31594800
2024-05-10 04:00:00,40.76096877423218,40.848689803311125,40.71223569543179,40.77071762084961,34306800
2024-05-13 04:00:00,40.8876718223991,40.955898866441714,40.60501480102539,40.60501480102539,29570100
2024-05-14 04:00:00,40.76096693560486,40.83894283264466,40.605018859620685,40.80970001220703,30638300
2024-05-15 04:00:00,40.907169587420526,41.150838686763095,40.89742074131341,41.11185073852539,36138300
2024-05-16 04:00:00,41.150838686763095,41.30678676161852,41.09235676440654,41.11185073852539,36032700
2024-05-17 04:00:00,41.18007749518135,41.41400146484375,41.1313444192795,41.41400146484375,29813200
2024-05-20 04:00:00,41.326279272019455,41.38475747420941,40.829192244833315,40.84868621826172,35719600
2024-05-21 04:00:00,40.92666356153938,41.150838686763095,40.907169587420526,41.11185073852539,33413400
2024-05-22 04:00:00,41.02412881644757,41.19957086158325,40.79020485023489,40.877925872802734,38661100
2024-05-23 04:00:00,40.83894056239168,40.87792479064901,40.15666637360301,40.31261444091797,51768500
2024-05-24 04:00:00,40.39058893568546,40.56603098625462,40.39058893568546,40.5562858581543,23477300
2024-05-28 04:00:00,40.46856609965828,40.46856609965828,39.96173390638149,40.10793685913086,31004900
2024-05-29 04:00:00,39.786285400390625,39.91299435769236,39.669325288009375,39.786285400390625,40620200
2024-05-30 04:00:00,39.825278925574864,40.08844200388737,39.72780905318387,40.0007209777832,32769300
2024-05-31 04:00:00,40.07869332838872,40.62451346181785,39.96173319911657,40.58552551269531,38664000
2024-06-03 04:00:00,40.57577662624883,40.62450969909051,39.981223470533024,40.33210754394531,37855000
2024-06-04 04:00:00,40.11768014851696,40.4490702705416,39.96173207451098,40.14691925048828,27586400
2024-06-05 04:00:00,40.2736268109667,40.312614757625546,39.971475801503516,40.26388168334961,23817300
2024-06-06 04:00:00,40.33210960315405,40.449069727564655,40.08844050840968,40.244388580322266,39040200
2024-06-07 04:00:00,40.25413102511211,40.65374816513358,40.176158853400516,40.42957305908203,42273300
2024-06-10 04:00:00,40.25413044799383,40.32235749154896,40.01046137298407,40.273624420166016,31615200
2024-06-11 04:00:00,40.078691939946104,40.09818591383205,39.62059656696018,39.815528869628906,54584900
2024-06-12 04:00:00,40.22489674408314,40.273629822002576,39.71806455391085,39.776546478271484,46399800
2024-06-13 04:00:00,39.776542012280714,39.78628713953224,39.47439101415198,39.74729919433594,39497900
2024-06-14 04:00:00,39.474398690184096,39.698573841512406,39.34768970270433,39.620601654052734,29083000
2024-06-17 04:00:00,39.523134800923955,39.981233985928895,39.45490773738229,39.97148513793945,36076900
2024-06-18 04:00:00,39.92274066871411,40.224891662597656,39.88375272406558,40.224891662597656,38900300
2024-06-20 04:00:00,40.13717241807075,40.546534700666776,40.09818447170107,40.43932342529297,42869100
2024-06-21 04:00:00,40.34185298700659,40.38084093282312,40.04945082957294,40.28337478637695,42530600
2024-06-24 04:00:00,40.452662240238226,40.95171375857209,40.35481017242912,40.697296142578125,45252000
2024-06-25 04:00:00,40.61901033707796,40.746221007834954,40.27652437675183,40.39394760131836,32845400
2024-06-26 04:00:00,40.208023553066006,40.22759471086224,39.94381852204177,40.1395263671875,37978500
2024-06-27 04:00:00,40.022105684545046,40.1395289059326,39.845968986055254,40.09060287475586,25466100
2024-06-28 04:00:00,40.1786740630224,40.48201771744256,40.06124710052056,40.22760009765625,44045100
2024-07-01 04:00:00,40.393947103203836,40.65815215483326,40.149313210897,40.31566619873047,36131100
2024-07-02 04:00:00,40.237384752312614,40.78536605834961,40.217813591438016,40.78536605834961,27033100
2024-07-03 04:00:00,40.82451035771673,40.86364894854462,40.63858618681015,40.65815734863281,21113200
2024-07-05 04:00:00,40.74622090019332,40.74622090019332,40.41351865411958,40.64836883544922,21421100
2024-07-08 04:00:00,40.70708644084652,40.951720382757415,40.49181111028098,40.54073715209961,27779300
2024-07-09 04:00:00,40.57987397914462,41.11806783184701,40.53094421113942,40.85386276245117,33140000
2024-07-10 04:00:00,40.65814838343357,41.02020546527498,40.63857722592638,41.01042175292969,28445400
2024-07-11 04:00:00,41.049567298894495,41.40184069611753,40.922356631493535,41.333343505859375,45836600
2024-07-12 04:00:00,41.28441657147272,41.64647743944372,41.176780788558894,41.470340728759766,39041200
2024-07-15 04:00:00,41.617117262139466,42.11617250118586,41.587762389072154,42.077030181884766,46561200
2024-07-16 04:00:00,42.10638552859828,42.57608216704387,42.02810462193255,42.556514739990234,52243100
2024-07-17 04:00:00,42.507584297532944,42.957713501762534,42.43908710548394,42.87942886352539,54773300
2024-07-18 04:00:00,42.73265018678811,43.163208263232384,42.26295352115395,42.360809326171875,58731300
2024-07-19 04:00:00,42.341231294551555,42.429299638368384,41.88131841763958,41.93024444580078,47220000
2024-07-22 04:00:00,42.02810570783881,42.24338100634458,41.832397836892255,42.16510009765625,29071100
2024-07-23 04:00:00,42.2727362902121,42.45865669994648,42.174880496022794,42.243377685546875,23800400
2024-07-24 04:00:00,42.11617546243589,42.20424382064706,41.66604995727539,41.66604995727539,47786900
2024-07-25 04:00:00,41.74432431593579,42.43908362564643,41.734540603366874,41.822608947753906,44862000
2024-07-26 04:00:00,42.04767898588937,42.60544401984697,42.02810782452732,42.478233337402344,32636300
2024-07-29 04:00:00,42.576086895323,42.60544550479799,42.20424601493619,42.41952133178711,35195700
2024-07-30 04:00:00,42.683720227356034,43.05556478661096,42.66414906815136,42.908782958984375,31418700
2024-07-31 04:00:00,43.006639034697564,43.16320457653623,42.77178885553109,42.8011474609375,38694800
2024-08-01 04:00:00,42.95771450243914,43.01642424966761,42.0085337721966,42.194454193115234,47060900
2024-08-02 04:00:00,41.71497633264478,41.86175444231208,40.90278994111324,41.15721130371094,78599800
2024-08-05 04:00:00,40.25695025657739,40.34501860172974,39.787253660037095,39.9633903503418,107913600
2024-08-06 04:00:00,40.13952960031414,41.088710299393945,40.03189009017309,40.60922622680664,57668900
2024-08-07 04:00:00,41.05935683395382,41.45077260477222,40.59944759598226,40.65815734863281,43912600
2024-08-08 04:00:00,40.92235459831821,41.36269632296918,40.8636411240925,41.31377029418945,41260500
2024-08-09 04:00:00,41.30398977395046,41.59754972866508,41.13764050164521,41.48991394042969,23838800
2024-08-12 04:00:00,41.5681914307904,41.675830942981335,41.18656314779856,41.27463150024414,20509300
2024-08-13 04:00:00,41.519262960586296,41.64647362505511,41.21591560156583,41.61711502075195,24922000
2024-08-14 04:00:00,41.71497432237002,42.20424212998416,41.68561571559752,42.12595748901367,30673000
2024-08-15 04:00:00,42.52715584480799,42.75221858256616,42.38037774600069,42.517372131347656,33329000
2024-08-16 04:00:00,42.468444447367034,42.830501556396484,42.468444447367034,42.830501556396484,25338900
2024-08-19 04:00:00,42.84029063635124,43.07514084067769,42.84029063635124,43.06535339355469,24458600
2024-08-20 04:00:00,43.01642070235434,43.05556301915688,42.84028400955972,42.92835235595703,19620400
2024-08-21 04:00:00,42.99685385628455,43.04578362360348,42.63479672159087,42.859859466552734,19914100
2024-08-22 04:00:00,42.90878052467586,43.104488372802734,42.86964194130387,43.104488372802734,24738700
2024-08-23 04:00:00,43.23169973723035,43.58397312302558,43.14363139078154,43.47633361816406,32762500
2024-08-26 04:00:00,43.62311828731807,43.84818102452987,43.51547877543046,43.61333084106445,23716300
2024-08-27 04:00:00,43.70139977819104,43.85796532499122,43.62311887119949,43.83839416503906,21583500
2024-08-28 04:00:00,43.72096694342538,44.19066354091047,43.68182462709744,43.94602966308594,24726200
2024-08-29 04:00:00,44.09281043341812,44.48422238893101,43.789463088321895,44.33744430541992,33726600
2024-08-30 04:00:00,44.46465700185327,44.79735926026646,44.25916541857907,44.75822067260742,28967700
2024-09-03 04:00:00,44.52337392652826,44.89521853418045,44.22002651859918,44.42552185058594,39893900
2024-09-04 04:00:00,44.503792583126405,44.78756876438076,44.249375004191975,44.47443771362305,32006100
2024-09-05 04:00:00,44.66036430845156,44.67993546844294,43.789468219329045,43.98517608642578,39523500
2024-09-06 04:00:00,43.985177392279276,44.22981130020873,43.241488221796104,43.3393440246582,51331300
2024-09-09 04:00:00,43.75032589934629,44.22980998709242,43.691616152189226,43.98517608642578,41010900
2024-09-10 04:00:00,44.13194913754163,44.17109145304572,43.03599043314385,43.5350456237793,59115000
2024-09-11 04:00:00,43.36870164979935,43.39805652611123,42.4488794414584,43.329559326171875,59397500
2024-09-12 04:00:00,43.40783896617629,43.56440450980834,43.05556555979993,43.42741012573242,37732700
2024-09-13 04:00:00,43.55461883544922,43.73075554580274,43.456766766504884,43.55461883544922,32912300
2024-09-16 04:00:00,43.7405374336041,44.131949392455844,43.7405374336041,44.12216567993164,37063700
2024-09-17 04:00:00,44.220019406859095,44.50379560739756,44.17109337675652,44.357017517089844,27893300
2024-09-18 04:00:00,44.376589661553055,44.70929192757117,44.122172038276716,44.22002410888672,41783900
2024-09-19 04:00:00,44.670147152950356,44.826712683934986,44.36679980356032,44.709285736083984,46457700
2024-09-20 04:00:00,44.61143826178108,44.679935455322266,44.36680436118628,44.679935455322266,48699200
2024-09-23 04:00:00,44.67502656523729,44.85179833259433,44.54735452836624,44.625919342041016,31615300
2024-09-24 04:00:00,44.488429518090456,44.488429518090456,44.09559794455825,44.25273132324219,40341400
2024-09-25 04:00:00,44.272373320288295,44.331295995631635,43.850076664003204,43.98756790161133,32546900
2024-09-26 04:00:00,44.1152330602529,44.30183150919158,43.96792263600944,44.213443756103516,31445200
2024-09-27 04:00:00,44.311652775577606,44.62591952427031,44.242907158448276,44.34111785888672,23226100
2024-09-30 04:00:00,44.23308563068986,44.52771022376943,44.03666798651849,44.5080680847168,23593400
2024-10-01 04:00:00,44.39021847133154,44.49824836166485,43.97774104881846,44.272369384765625,32703000
2024-10-02 04:00:00,44.25273417390782,44.41968676048379,44.02685516164623,44.32147979736328,37709400
2024-10-03 04:00:00,44.15451908465402,44.24290684123732,43.86971367495726,44.08577346801758,23545700
2024-10-04 04:00:00,44.517890407255514,44.87143766621287,44.34111490459939,44.832157135009766,40432000
2024-10-07 04:00:00,44.8321570613714,44.85179545376324,44.09559371696565,44.282188415527344,26599300
2024-10-08 04:00:00,44.44914123999008,44.64555888227205,44.370576430890246,44.53752899169922,28763000
2024-10-09 04:00:00,44.53752717107056,45.038392325732694,44.449139422974575,44.95000457763672,28334300
2024-10-10 04:00:00,44.99910612816924,45.03839040261331,44.62591301365975,44.8125114440918,34127400
2024-10-11 04:00:00,45.09732015622297,45.76513794131993,45.06785881893655,45.67675018310547,52850300
2024-10-14 04:00:00,45.75531862776715,46.01065895842769,45.627646589259285,45.96155548095703,35850800
2024-10-15 04:00:00,46.27582473860091,46.540988026929405,46.00084225278857,46.05976867675781,42356800
2024-10-16 04:00:00,46.23654009060456,46.64901378264276,46.14815233568851,46.629371643066406,44973700
2024-10-17 04:00:00,46.825787543924974,46.95345957322625,46.72758059606548,46.757041931152344,45823400
2024-10-18 04:00:00,46.75704176570483,46.86507165578096,46.50169770800579,46.76686096191406,34279600
2024-10-21 04:00:00,46.68829754076243,46.79632743404924,46.305285189185575,46.393672943115234,26207400
2024-10-22 04:00:00,46.15796842903247,46.383847399441755,45.94190865457368,46.30528259277344,30018700
2024-10-23 04:00:00,46.25617589791547,46.37402872878512,46.04011986736414,46.26599884033203,20697200
2024-10-24 04:00:00,46.27581751221236,46.36420526118597,46.020477207596805,46.30528259277344,19617500
2024-10-25 04:00:00,46.49188053868662,46.5704453508504,45.686571545643815,45.79460144042969,25526500
2024-10-28 04:00:00,46.030303129701856,46.40349631838477,46.020483932316544,46.36421203613281,31415900
2024-10-29 04:00:00,46.246355408104,46.37402743146372,46.0401185793839,46.07939910888672,27930900
2024-10-30 04:00:00,46.138326551977784,46.5802652993478,46.099042275243825,46.285640716552734,28704300
2024-10-31 04:00:00,46.226715445348034,46.36420667096434,45.64728546142578,45.64728546142578,53417100
2024-11-01 04:00:00,45.794601274589645,46.15797149053572,45.68657138019499,45.804420471191406,40139900
2024-11-04 05:00:00,45.77495636277497,45.81424063951297,45.205345589138524,45.45086669921875,41705600
2024-11-05 05:00:00,45.490152783091354,45.89280726976453,45.401765030097,45.873165130615234,35221800
2024-11-06 05:00:00,48.161423418619215,48.78995688144705,47.82751454819756,48.66228485107422,153473400
2024-11-07 05:00:00,48.55425049175705,48.55425049175705,47.78822587271944,47.87661361694336,70611400
2024-11-08 05:00:00,48.22034713951641,48.58372109954136,47.974826016104714,48.30873489379883,60376500
2024-11-11 05:00:00,48.78996369268327,49.241721713863285,48.780140748630615,48.99620056152344,63654700
2024-11-12 05:00:00,48.97655286989331,49.04529848504998,48.701570409266644,48.84888458251953,58512400
2024-11-13 05:00:00,48.94709110405507,49.231896505120844,48.799776932095526,48.87834548950195,31880700
2024-11-14 05:00:00,48.986373302574044,49.09440319124294,48.66228363656737,48.75067138671875,38252800
2024-11-15 05:00:00,48.750672079280214,49.11404228112916,48.72121074426284,48.9765510559082,40741500
2024-11-18 05:00:00,49.01583714072544,49.21225478957801,48.80960029529001,49.12386703491211,27141600
2024-11-19 05:00:00,48.73103236858331,48.98637643930649,48.534614717185875,48.79977798461914,27014700
2024-11-20 05:00:00,48.99619772987823,49.0256590676226,48.416767693989065,48.652469635009766,33932500
2024-11-21 05:00:00,48.89798977422975,49.49706193849522,48.77031773602027,49.27117919921875,50881800
2024-11-22 05:00:00,49.241714123938706,49.87024757763216,49.231894927755015,49.821144104003906,42050800
2024-11-25 05:00:00,50.096125934919996,50.33182785032252,49.948815515853916,50.145233154296875,47492500
2024-11-26 05:00:00,50.16487772402846,50.34164948620407,49.85060723947562,50.24344253540039,28418400
2024-11-27 05:00:00,50.31219057911153,50.695202950633266,50.292548438731544,50.341651916503906,31803700
2024-11-29 05:00:00,50.51842637487336,50.6460984114901,50.331831664706684,50.42021942138672,15178400
2024-12-02 05:00:00,50.498783562558515,50.567532924709994,49.79168526488778,49.91935729980469,55483600
2024-12-03 05:00:00,50.21398324882346,50.21398324882346,49.546165466308594,49.546165466308594,46924300
2024-12-04 05:00:00,49.497060712952695,49.53634124605173,49.19261316671591,49.35956573486328,41017400
2024-12-05 05:00:00,49.438136095494656,49.7622220469144,49.39885181460886,49.50688171386719,33599300
2024-12-06 05:00:00,49.49706268310547,49.66401525789813,49.359567699543284,49.49706268310547,23439400
2024-12-09 05:00:00,49.53634110016829,49.585448322518864,48.79977772117063,48.819419860839844,41998300
2024-12-10 05:00:00,48.858696669170655,49.08457562129473,48.505145701896616,48.809593200683594,38861800
2024-12-11 05:00:00,49.00602091473869,49.02565930909482,48.69175415606669,48.90781021118164,35035900
2024-12-12 05:00:00,49.03548147858678,49.074765759389486,48.69175338745117,48.69175338745117,23107300
2024-12-13 05:00:00,48.88816782967521,48.907809970289875,48.54443973480675,48.652469635009766,39160400
2024-12-16 05:00:00,48.68192837571379,48.74085479441422,48.475691529794844,48.56407928466797,35242800
2024-12-17 05:00:00,48.377481731254704,48.38730467439824,48.05339578826548,48.2203483581543,46103300
2024-12-18 05:00:00,48.308737104604994,48.41676700326684,46.737403341401425,46.77668762207031,72399500
2024-12-19 05:00:00,47.3070080600288,47.66055907565861,46.93381865140179,46.94363784790039,63641000
2024-12-20 05:00:00,46.84543641390014,48.014115745315074,46.74722570557401,47.64092254638672,56066100
2024-12-23 05:00:00,47.400270283516406,47.79477713081197,47.212876050893904,47.75532531738281,43033300
2024-12-24 05:00:00,47.85395547480681,48.33722702745218,47.765190774600015,48.3175048828125,18350500
2024-12-26 05:00:00,48.10052297644742,48.45558177216646,48.07093599758151,48.435855865478516,20805600
2024-12-27 05:00:00,48.17942105553901,48.49502802618708,47.824366035308834,48.08079528808594,33852400
2024-12-30 05:00:00,47.58766155575179,47.83422975034117,47.20301577416547,47.61724853515625,34819800
2024-12-31 05:00:00,47.735599914331075,47.90326446646138,47.498892812246936,47.666561126708984,25170500
2025-01-02 05:00:00,47.91313378400259,48.1005242590368,47.28191604015302,47.54821014404297,35879100
2025-01-03 05:00:00,47.82436693698627,47.95257968462621,47.4199952630737,47.92299270629883,25198100
2025-01-06 05:00:00,48.13010606929775,48.347087263014146,47.686282610483175,47.775047302246094,54289900
2025-01-07 05:00:00,47.982168087933346,48.09065492395967,47.45944100151095,47.666561126708984,57682700
2025-01-08 05:00:00,47.67642510507919,47.834228595312716,47.36081812461214,47.82436752319336,36422000
2025-01-10 05:00:00,47.439716942675695,47.479168754947295,46.50276085638263,46.67042541503906,53128700
2025-01-13 05:00:00,46.433723941160565,47.025486099803466,46.39427212729583,47.005760192871094,36002800
2025-01-14 05:00:00,47.19315112533453,47.62711355741343,47.08466427964689,47.58766174316406,39353300
2025-01-15 05:00:00,48.60351832459793,48.928990127360144,48.33722423933753,48.80077362060547,61176900
2025-01-16 05:00:00,48.78104968347821,49.16569545693394,48.78104968347821,49.12624740600586,33830400
2025-01-17 05:00:00,49.224866996198976,49.629238625512244,49.04733762115105,49.54047393798828,43693100
2025-01-21 05:00:00,49.708151339910515,50.013893504415584,49.69828650486262,49.95471954345703,33267500
2025-01-22 05:00:00,49.95471706783071,49.964578140057704,49.52075464320228,49.71800994873047,37226400
2025-01-23 05:00:00,49.7969119493225,50.0927930167842,49.7870471150857,50.0040283203125,32048800
2025-01-24 05:00:00,49.83635912689198,50.20128274062762,49.7870462435669,50.1519660949707,39088700
2025-01-27 05:00:00,50.063198307948255,50.73386401427549,49.92512073823352,50.70427703857422,61707400
2025-01-28 05:00:00,50.64510364082034,50.84235894107933,50.40840029037508,50.615516662597656,39885300
2025-01-29 05:00:00,50.47743929409689,51.02975338468609,50.46757445975976,50.57606506347656,43612200
2025-01-30 05:00:00,51.039611710685755,51.32563169376322,50.72400475085259,51.0593376159668,64250500
2025-01-31 05:00:00,51.118517034172626,51.25659461340646,50.733867511880256,50.763458251953125,40424200
2025-02-03 05:00:00,50.05334181928619,50.69442060860391,49.718008935422326,50.556339263916016,77416200
2025-02-04 05:00:00,50.61551385069012,50.68455263759559,50.29990689274181,50.437984466552734,41742700
2025-02-05 05:00:00,50.654970253428786,50.9804383123,50.43798903929327,50.970577239990234,34758600
2025-02-06 05:00:00,51.26645969104678,51.414402115975385,51.049478471106724,51.394676208496094,34355900
2025-02-07 05:00:00,51.45384798260861,51.542612681328215,51.06920220893431,51.1086540222168,40601400
2025-02-10 05:00:00,51.197413366030624,51.26645215088799,50.48729585054729,50.70427703857422,37921500
2025-02-11 05:00:00,50.62538027583935,50.931122409651145,50.319634379695714,50.832496643066406,45162900
2025-02-12 05:00:00,50.57606463701479,50.67469416789474,50.22100585051075,50.65496826171875,45473100
2025-02-13 05:00:00,50.793047732782306,51.05934183256994,50.576066519103776,50.99030303955078,36372200
2025-02-14 05:00:00,51.059341243798364,51.30590943383274,51.03961533711578,51.08892822265625,29574300
2025-02-18 05:00:00,51.16782595496681,51.48343290086704,51.039609457466234,51.45384216308594,33496800
2025-02-19 05:00:00,51.32563693083573,51.532753313922406,51.18755934211127,51.473575592041016,31748500
2025-02-20 05:00:00,51.39467262411156,51.43412443631868,50.339361102728354,50.68455505371094,47078900
2025-02-21 05:00:00,50.704276897100925,50.79304158628867,49.95471133688451,50.05333709716797,51789900
2025-02-24 05:00:00,50.290046797880265,50.70427952735679,49.984300905410606,50.270320892333984,56673900
2025-02-25 05:00:00,50.56620581574077,50.704283402786494,49.619384851142634,50.260459899902344,50132800
2025-02-26 05:00:00,50.2703215297491,50.61551547535651,50.05334032832054,50.1519660949707,31250500
2025-02-27 05:00:00,50.32949775538676,51.08892823231607,50.290049704346124,50.42812728881836,44378600
2025-02-28 05:00:00,50.68455443384397,51.54261064602952,50.46757323169035,51.46371078491211,63537100
2025-03-03 05:00:00,51.60179088732846,51.91739787189734,50.66483100586933,51.029754638671875,76100100
2025-03-04 05:00:00,50.51688724475177,50.576061196922936,48.95857462382921,49.2347297668457,99342400
2025-03-05 05:00:00,49.25445786947743,49.75745905936678,48.87967694789802,49.520751953125,75561700
2025-03-06 05:00:00,48.93885561891819,49.27418852371632,48.386545255014575,48.702152252197266,55477700
2025-03-07 05:00:00,48.52462430544233,48.65284082763291,47.587664358355404,48.44572067260742,87351400
2025-03-10 04:00:00,47.62711104419957,47.94271801687624,46.808502872216295,47.360816955566406,78221400
2025-03-11 04:00:00,47.291776654669086,47.419993158951726,46.63097199013403,46.956443786621094,72972200
2025-03-12 04:00:00,47.459440807056886,47.52847959439611,46.5717976431247,47.025482177734375,60700100
2025-03-13 04:00:00,47.143835285371054,47.41999420548463,46.63097301925367,46.76905059814453,49986300
2025-03-14 04:00:00,47.21287175870781,47.9328503578417,46.96630359068942,47.85395050048828,49535700
2025-03-17 04:00:00,47.66656066613835,48.652833351017705,47.6566958323838,48.4161262512207,43570500
2025-03-18 04:00:00,48.45557837907228,48.61338185919369,48.17941946711101,48.35694885253906,32714200
2025-03-19 04:00:00,48.38654038586495,49.14597082214292,48.18928509189257,48.8895378112793,44290700
2025-03-20 04:00:00,48.613382262491925,49.29390907072397,48.5246175690415,48.95857620239258,46326000
2025-03-21 04:00:00,48.71200522234325,48.958573383025154,48.35694646898826,48.781044006347656,53382800
2025-03-24 04:00:00,49.284886907266916,49.76001690766183,49.156204685494046,49.6412353515625,43158200
2025-03-25 04:00:00,49.81941199054201,49.99758244533559,49.571948200664885,49.91839599609375,24873700
2025-03-26 04:00:00,50.06687610499977,50.39352634623639,49.58184541225716,49.76991653442383,39729200
2025-03-27 04:00:00,49.6808258445864,49.93819028377195,49.284886072297326,49.670928955078125,32299800
2025-03-28 04:00:00,49.52245055137948,49.78971188747178,48.52269853947652,48.71076965332031,45365400
2025-03-31 04:00:00,48.22574147975011,49.55214745927354,48.08716237048606,49.304683685302734,38042300
2025-04-01 04:00:00,49.11660663480666,49.463058168688626,48.700869325345124,49.24528884887695,37959100
2025-04-02 04:00:00,48.84934670187614,49.81940800343739,48.77016025897168,49.65113067626953,41792100
2025-04-03 04:00:00,47.711016415776065,48.15645196448718,47.11710109216207,47.2061882019043,101160600
2025-04-04 04:00:00,45.602622454142505,45.93917332663053,43.642709882358346,43.75159454345703,128135300
2025-04-07 04:00:00,42.40538905419027,45.18688300967095,41.7817793365706,43.64270782470703,179993200
2025-04-08 04:00:00,45.33535855420831,45.75109962056421,42.8013321535521,43.474430084228516,98804200
2025-04-09 04:00:00,42.80133487835784,47.12700047597995,42.63305755297802,46.7508544921875,177242900
2025-04-10 04:00:00,46.05795731376517,46.12724686976716,44.08814774856995,45.44424819946289,93318200
2025-04-11 04:00:00,45.13739233279211,46.49349657706243,44.90972610643959,46.196537017822266,63647400
2025-04-14 04:00:00,46.86963317268191,47.13689447827109,46.39450322141131,46.67166519165039,52008900
2025-04-15 04:00:00,46.93892704926863,47.41406082034636,46.75085593954862,46.79045104980469,41840100
2025-04-16 04:00:00,46.69145948961781,46.85973680656772,45.71150513419374,46.057952880859375,47934300
2025-04-17 04:00:00,46.02825897386037,46.73105514012513,45.958969423721435,46.17673873901367,61866600
2025-04-21 04:00:00,45.93917790999758,46.07775702849567,44.68206140133987,45.1868896484375,43082300
2025-04-22 04:00:00,45.86988348649925,46.80034588060009,45.73130438269671,46.68156433105469,38154800
2025-04-23 04:00:00,47.55263894359848,48.2356375893555,47.07750895837654,47.23588562011719,50290900
2025-04-24 04:00:00,47.067610152478636,47.84959660271524,46.87953903923086,47.7605094909668,26817900
2025-04-25 04:00:00,47.5229400635399,47.74070938640803,47.21608740967744,47.532840728759766,28113000
2025-04-28 04:00:00,47.73081214947637,48.07725990969966,47.34476928065687,47.68131637573242,33922800
2025-04-29 04:00:00,47.691219751189536,48.26533375447202,47.4734504175319,48.176246643066406,42475300
2025-04-30 04:00:00,47.6615228509944,48.43360859274095,47.01811554887401,48.26533126831055,33759900
2025-05-01 04:00:00,48.08716238971489,48.572189272333006,47.9485795043979,48.255435943603516,34420200
2025-05-02 04:00:00,48.98793043484428,49.43336220790425,48.829553770290225,49.25518798828125,35032100
2025-05-05 04:00:00,48.83945060160087,49.324481260218036,48.60188371705424,48.93843460083008,24139900
2025-05-06 04:00:00,48.50289729982907,49.05721748547188,48.473202856740166,48.66127395629883,28949100
2025-05-07 04:00:00,48.81965152445046,49.21559506101755,48.76025886116617,48.948333740234375,30070100
2025-05-08 04:00:00,49.33437419946956,49.85899615017267,49.22548954343747,49.35417175292969,31294200
2025-05-09 04:00:00,49.4531557442331,49.53234595807362,49.215592654706015,49.35417175292969,22075000
2025-05-12 04:00:00,50.59149449648195,50.68058160604873,50.03717428406668,50.35392761230469,44274100
2025-05-13 04:00:00,50.48260787870876,50.79936119469146,50.39352077258879,50.561798095703125,33986100
2025-05-14 04:00:00,50.59149510508689,50.6508839948475,50.27474177303841,50.4232177734375,38764200
2025-05-15 04:00:00,50.35392899078228,50.83895966192342,50.314337655666826,50.759769439697266,34742500
2025-05-16 04:00:00,50.74987415551079,51.14581395117519,50.64098948450381,51.066627502441406,53401000
2025-05-19 04:00:00,50.799361527579705,51.244797061098495,50.72017508606381,51.096317291259766,26348400
2025-05-20 04:00:00,50.85875557125723,50.99733467966977,50.59149424389124,50.81916046142578,26903000
2025-05-21 04:00:00,50.50240559960057,50.65088159295886,49.74021675050302,49.77981185913086,40022000
2025-05-22 04:00:00,49.67092502708248,50.00747588371227,49.46305637986923,49.72041702270508,33662800
2025-05-23 04:00:00,49.08691532535709,49.77981466135964,49.06711776992872,49.5422477722168,33645600
2025-05-27 04:00:00,49.92828799198062,50.44301307758834,49.75011377865496,50.4133186340332,38636400
2025-05-28 04:00:00,50.37372656392722,50.50240878709084,49.997580560216896,50.0767707824707,31730200
2025-05-29 04:00:00,50.24504222521036,50.34402999885977,49.849102458605145,50.334129333496094,34098400
2025-05-30 04:00:00,50.1658578267275,50.53210316416244,49.948088491821395,50.443016052246094,37953200
2025-06-02 04:00:00,50.096565201359205,50.4826080706813,49.77981188417198,50.46281051635742,30142300
2025-06-03 04:00:00,50.304433666468825,50.61129009332591,49.898593244366154,50.561798095703125,33705400
2025-06-04 04:00:00,50.63109057152387,50.690479461701976,50.26484146077009,50.274742126464844,24600500
2025-06-05 04:00:00,50.2846416280515,50.363831853732414,49.938193830692,50.136165618896484,42014400
2025-06-06 04:00:00,50.650884772135115,50.91814610815195,50.53210321479351,50.759769439697266,34982800
2025-06-09 04:00:00,50.81915967150702,50.838957226115014,50.17575236273828,50.482608795166016,28322100
2025-06-10 04:00:00,50.47271026601648,50.56179737085931,50.36382560720887,50.54199981689453,27728600
2025-06-11 04:00:00,50.59149345751126,50.81915967150702,50.29453769038624,50.482608795166016,39368400
2025-06-12 04:00:00,50.185653028041,50.49250568447129,49.987681257958506,50.482608795166016,25500900
2025-06-13 04:00:00,49.83920221276392,49.948086876696074,49.30468333454768,49.45315933227539,54921900
2025-06-16 04:00:00,49.80950728564239,50.36382748937994,49.7996103962888,50.01737594604492,35632400
2025-06-17 04:00:00,49.760014420347765,49.96788307713042,49.581840207106225,49.73031997680664,31130700
2025-06-18 04:00:00,49.71052169799805,50.25494121896989,49.64123214674694,49.71052169799805,45728200
2025-06-20 04:00:00,49.85899890954285,50.06687134437997,49.71052291437055,49.84910202026367,44456100
2025-06-23 04:00:00,49.86102477506778,50.496702562683424,49.50345507229936,50.476837158203125,43022700
2025-06-24 04:00:00,50.973458256021026,51.420420361267986,50.9337274491239,51.23170471191406,41225000
2025-06-25 04:00:00,51.24163579521034,51.25156660251898,50.95359312706191,51.06285095214844,33123900
2025-06-26 04:00:00,51.09264585906093,51.48001553510108,51.062849648957155,51.440284729003906,37866000
2025-06-27 04:00:00,51.400555892624126,51.87731421724543,51.350894277568685,51.589271545410156,38954100
2025-06-30 04:00:00,51.82764941010657,52.08589206585263,51.7879186049339,52.01636505126953,42472900
2025-07-01 04:00:00,51.88725071333185,52.41367067228205,51.85745071205685,52.304412841796875,33844800
2025-07-02 04:00:00,52.39380218249695,52.4037329897115,51.986570885811375,52.264678955078125,40791100
2025-07-03 04:00:00,52.39380211366794,52.910291233726454,52.34414049978387,52.83082962036133,25904800
2025-07-07 04:00:00,52.77123423347513,52.890422857886016,52.06602571577706,52.32427215576172,34049000
2025-07-08 04:00:00,52.20508361929657,52.244810634875094,51.82764855426519,51.857444763183594,53715000
2025-07-09 04:00:00,52.12562328835195,52.14548869109733,51.787919019556846,52.046165466308594,36634900
2025-07-10 04:00:00,51.92697586099888,52.40373418588367,51.92697586099888,52.35407257080078,27992600
2025-07-11 04:00:00,52.006435275041476,52.05609688802237,51.72832721119789,51.80778503417969,30289900
2025-07-14 04:00:00,51.7978555795564,52.22495228243199,51.66873235128421,52.195152282714844,27636500
2025-07-15 04:00:00,51.986570748418416,52.09582857218111,51.301231384277344,51.301231384277344,47704600
2025-07-16 04:00:00,51.57934039200536,51.708463621434106,50.98339343746065,51.65879821777344,46726500
2025-07-17 04:00:00,51.51974444553121,52.24481463322793,51.46015202313373,52.15542221069336,48213900
2025-07-18 04:00:00,52.22494961600397,52.29447663023034,52.07596099183997,52.185218811035156,29791300
2025-07-21 04:00:00,52.21501683426152,52.5825173206449,52.016366591454364,52.036231994628906,36871400
2025-07-22 04:00:00,52.14548732467635,52.39379916907958,52.11569111580815,52.32427215576172,32289100
2025-07-23 04:00:00,52.443462539148264,52.74143600463867,52.20508528233121,52.74143600463867,32111300
2025-07-24 04:00:00,52.761301016687696,53.079139882714756,52.652043196064994,52.711639404296875,32371900
2025-07-25 04:00:00,52.74143544180385,53.12880511063953,52.63218141047589,53.079139709472656,28964700
2025-07-28 04:00:00,53.01954746342103,53.079139882714756,52.602381583674166,52.711639404296875,29119300
2025-07-29 04:00:00,52.89042831031378,52.94008992652638,52.324277549825496,52.44346618652344,37883200
2025-07-30 04:00:00,52.42359692142176,52.67190877313587,52.08589265153305,52.344139099121094,37260100
2025-07-31 04:00:00,52.12562287102529,52.63218116463144,51.917041827275995,52.01636505126953,46179400
2025-08-01 04:00:00,51.37076018134022,51.410487200408205,50.705282408517824,51.052921295166016,63060800
2025-08-04 04:00:00,51.25156307983061,51.559471130371094,51.14230905119177,51.559471130371094,40053100
2025-08-05 04:00:00,51.698526186186136,51.73825699135758,51.013186847200174,51.35089111328125,33551000
2025-08-06 04:00:00,51.46015098239018,51.678662841658955,51.31116235153296,51.599205017089844,34198700
2025-08-07 04:00:00,51.82764881064906,51.89717582442798,50.8741322311626,51.02311706542969,43119400
2025-08-08 04:00:00,51.32109308847895,51.61907034978538,51.15224284341436,51.4998779296875,39484400
2025-08-11 04:00:00,51.60913423559272,51.67866125080226,51.370756980285215,51.48001480102539,29351200
2025-08-12 04:00:00,51.69852737695043,52.19515108621785,51.688596569897896,52.10575866699219,37510000
2025-08-13 04:00:00,52.304409073213684,52.55272092862942,52.13555883022133,52.40373229980469,41154900
2025-08-14 04:00:00,52.35407272330958,52.691777011370675,52.175287877339684,52.65204620361328,35841500
2025-08-15 04:00:00,52.77123640765839,52.80103261775421,52.06602786090562,52.10575866699219,46108500
2025-08-18 04:00:00,52.036234724987295,52.205088766361584,51.93691149284132,52.14549255371094,25405100
2025-08-19 04:00:00,52.09582717426237,52.51298926586603,52.09582717426237,52.24481201171875,24870800
2025-08-20 04:00:00,52.284546394672404,52.652046898935566,52.155423162224864,52.51299285888672,39138800
2025-08-21 04:00:00,52.36400450193081,52.44346232423147,51.99650023335845,52.344139099121094,29037000
2025-08-22 04:00:00,52.61232023936143,53.31752504096768,52.59245483508455,53.20826721191406,47249800
2025-08-25 04:00:00,53.108941131979144,53.2181989551748,52.88049467845107,52.90035629272461,24756500
2025-08-26 04:00:00,52.741435949401584,53.32745207279219,52.741435949401584,53.307586669921875,27907000
2025-08-27 04:00:00,53.178469960219,53.5757666711733,53.14866995991711,53.416847229003906,39530100
2025-08-28 04:00:00,53.526104708886535,53.54597011264621,53.33738905657716,53.48637390136719,28837300
2025-08-29 04:00:00,53.53603863945335,53.774415903728254,53.43671162189023,53.625431060791016,36062400
2025-09-02 04:00:00,53.33738434243135,53.33738434243135,52.76129905113229,53.228126525878906,38733100
2025-09-03 04:00:00,53.13874053955078,53.23806377264745,52.77124003036694,53.13874053955078,36420100
2025-09-04 04:00:00,53.32745345394263,53.71482313653912,53.20826482257201,53.6949577331543,32730000
2025-09-05 04:00:00,53.74461761335389,53.88367164362346,52.512989165795425,52.711639404296875,58377100
2025-09-08 04:00:00,52.73150788711132,52.810965713790175,52.48319602171504,52.751373291015625,49490900
2025-09-09 04:00:00,52.62225055569652,53.22813211919969,52.60238515160512,52.979820251464844,38884500
2025-09-10 04:00:00,52.810963827147724,53.039414069416814,52.572586566688685,52.80103302001953,32915900
2025-09-11 04:00:00,52.830829327104006,53.70488812457726,52.82089851995762,53.665157318115234,36635400
2025-09-12 04:00:00,53.595629793068944,53.70488761533437,53.34731793844323,53.436710357666016,25705900
2025-09-15 04:00:00,53.52610118393456,53.72475141951087,53.25792393424724,53.31752014160156,31922000
2025-09-16 04:00:00,53.247995353970445,53.307587774878435,52.91029107605157,53.198333740234375,28482500
2025-09-17 04:00:00,53.307585793080754,53.96313271020364,53.28772417947532,53.714820861816406,47976100
2025-09-18 04:00:00,53.744619002260244,54.13198489343267,53.62543037165448,53.76448440551758,36609100
2025-09-19 04:00:00,53.89360542903378,54.04259406337847,53.555901141599044,53.88367462158203,46731400
2025-09-22 04:00:00,53.51296960776893,53.87171637586612,53.4531772126157,53.81192398071289,32393000
2025-09-23 04:00:00,53.762098403195175,54.30021855051386,53.443213234727295,53.572757720947266,28698900
2025-09-24 04:00:00,53.642517602908285,53.77206208958115,53.31366513348239,53.423282623291016,23893400
2025-09-25 04:00:00,53.28377151489258,53.52293349441777,53.054573033926296,53.28377151489258,24757500
2025-09-26 04:00:00,53.52293378324622,53.911574853130254,53.45317788872402,53.67241287231445,30686100
2025-09-29 04:00:00,53.85178440977396,53.96140189780575,53.55283004331244,53.941471099853516,20713800
2025-09-30 04:00:00,53.871717549644046,54.0510909376009,53.23394339168013,53.682376861572266,32442200
2025-10-01 04:00:00,53.423283138469706,53.57275842485931,53.184117358270775,53.20404815673828,33210100
2025-10-02 04:00:00,53.124330588117495,53.29373667879057,52.87520130083739,53.164188385009766,32443400
2025-10-03 04:00:00,53.23394358197844,53.782031047923205,53.19408578560979,53.532901763916016,32111600
2025-10-06 04:00:00,53.74216845156167,53.881680239787634,53.11436160313368,53.512969970703125,32001300
2025-10-07 04:00:00,53.692343015359114,53.86174909958424,53.33359624710462,53.582725524902344,31250500
2025-10-08 04:00:00,53.742170468417214,53.76210126768477,53.15422519496378,53.323631286621094,26848700
2025-10-09 04:00:00,53.443214278643886,53.622587664587186,53.00474431237754,53.13429260253906,33922400
2025-10-10 04:00:00,53.273804007582314,53.49303898913642,51.97833251953125,51.97833251953125,73596200
2025-10-13 04:00:00,52.36697552274656,52.636035609675524,52.157707833383334,52.476593017578125,39651900
2025-10-14 04:00:00,52.26732362316515,53.4631449255915,52.06801943919223,53.05457305908203,62588700
2025-10-15 04:00:00,53.24390994308018,53.57275861543603,52.67589548967461,53.05457305908203,39526600
2025-10-16 04:00:00,52.90509292415562,52.93498722066628,51.360492181391045,51.5797233581543,85420100
2025-10-17 04:00:00,51.71924073190908,52.17763770082701,51.54983084253695,51.99826431274414,52288900
2025-10-20 04:00:00,52.17763746726236,52.71575762910218,52.10788157236585,52.60614013671875,39479600
2025-10-21 04:00:00,52.47659267577728,52.94495695013017,52.47659267577728,52.546348571777344,31213600
2025-10-22 04:00:00,52.59617404425818,52.636035642660325,51.93847287626786,52.24739456176758,53727500
2025-10-23 04:00:00,52.40683498292828,52.49652167491206,52.10788061011939,52.35700988769531,29483700
2025-10-24 04:00:00,52.6659293546223,53.09443202914826,52.626071558075,52.925025939941406,31947800
2025-10-27 04:00:00,53.184118202650836,53.24391059900264,53.014712115104146,53.14426040649414,27154100
2025-10-28 04:00:00,53.144258776169174,53.21401466906744,52.755613913921785,52.805442810058594,33648000
2025-10-29 04:00:00,52.267323736982256,52.39687202705842,51.68934198234331,51.90857696533203,61846300
2025-10-30 04:00:00,51.83882039347333,52.63603331927037,51.83882039347333,52.04808807373047,48568700
2025-10-31 04:00:00,51.82885241983118,52.317147468827756,51.75909652731895,52.187599182128906,40425800
2025-11-03 05:00:00,52.14774191323095,52.157705411657005,51.47010997792723,51.96836853027344,38693200
2025-11-04 05:00:00,51.76906628604244,52.357011551865945,51.65944879219906,52.2374267578125,44675200
2025-11-05 05:00:00,52.30718395075523,52.63603261512998,51.99826228302413,52.41679763793945,38036300
2025-11-06 05:00:00,52.327112961252205,52.51645364935315,51.98829698410498,52.22746276855469,42625700
2025-11-07 05:00:00,52.09791377318414,52.61610313131619,51.90857688905192,52.59617233276367,46218700
2025-11-10 05:00:00,52.74565323306865,52.96488822326615,52.46662964657093,52.78551483154297,42010600
2025-11-11 05:00:00,52.88516167749943,53.15422174804666,52.69582479885258,53.02467346191406,29995800
2025-11-12 05:00:00,53.03464072434917,53.70230534969614,53.03464072434917,53.483070373535156,46052700
2025-11-13 05:00:00,53.3834202416394,53.57275712035363,52.695824817603615,52.795475006103516,50455300
2025-11-14 05:00:00,52.62606930371965,52.62606930371965,52.087949158564975,52.2673225402832,46154600
2025-11-17 05:00:00,52.28725325316249,52.30718405125547,51.07150117936795,51.27080535888672,70048500
2025-11-18 05:00:00,51.10139531030998,51.56975956045063,50.971850825241695,51.19108200073242,66043600
2025-11-19 05:00:00,51.20105111231929,51.47011119310793,51.01171042505442,51.38042449951172,46003900
2025-11-20 05:00:00,51.848785520254445,52.207532298482434,50.90209727943318,50.93199157714844,70096400
2025-11-21 05:00:00,51.28076833501351,51.78899417768144,50.96188317159525,51.49003601074219,68942900
2025-11-24 05:00:00,51.559799000377325,51.78899748864911,51.15122712103872,51.70927429199219,43789100
2025-11-25 05:00:00,51.92850722615184,52.476590876536655,51.72920304380887,52.35700988769531,50989800
2025-11-26 05:00:00,52.4865556556773,52.96488722553601,52.4167997603669,52.76558303833008,35268500
2025-11-28 05:00:00,52.915058121184465,53.363491590295084,52.84530222614628,53.14426040649414,16136100
2025-12-01 05:00:00,52.88516486456322,53.214017348853645,52.6559663761538,52.70579147338867,29296300
2025-12-02 05:00:00,52.80544298378516,52.95491826845418,52.456659716735324,52.65596389770508,29771500
2025-12-03 05:00:00,52.7556150064382,53.41331615410719,52.69582641209356,53.36349105834961,32018000
2025-12-04 05:00:00,53.4033543024805,53.72223948685679,53.283773308692204,53.47311019897461,33678700
2025-12-05 05:00:00,53.35352639185846,53.74216745223585,53.2638397008936,53.493038177490234,28532300
2025-12-08 05:00:00,53.51297048857635,53.522933987227,53.09443131843689,53.29373550415039,31164200
2025-12-09 05:00:00,53.313667821481324,53.76210130175735,53.064538532595904,53.09443283081055,46335400
2025-12-10 05:00:00,53.094432584498925,53.89164934636292,53.02467668804751,53.702308654785156,45437500
2025-12-11 05:00:00,53.772063603669245,54.78851153586394,53.742169306120076,54.67889404296875,51786500
2025-12-12 05:00:00,54.96788508741177,55.01771018394559,54.51945161578507,54.75861740112305,64428900
2025-12-15 05:00:00,54.98781405393521,55.11736234173511,54.62906728858845,54.79847717285156,35356800
2025-12-16 05:00:00,54.848303961275995,54.96788495294686,54.29025299779332,54.4496955871582,37342300
2025-12-17 05:00:00,54.60913768445671,54.87819776435013,54.38990650193742,54.43973159790039,41112400
2025-12-18 05:00:00,54.57924273028841,54.828372008516084,54.170670866051466,54.35004425048828,35021600
2025-12-19 05:00:00,54.369974687190954,54.828371643741484,54.369974687190954,54.64899826049805,46595300
2025-12-22 05:00:00,54.75,55.439998626708984,54.7400016784668,55.31999969482422,37987800
2025-12-23 05:00:00,55.310001373291016,55.560001373291016,55.310001373291016,55.43000030517578,24732900
2025-12-24 05:00:00,55.5099983215332,55.88999938964844,55.40999984741211,55.72999954223633,15685800
2025-12-26 05:00:00,55.709999084472656,55.79999923706055,55.439998626708984,55.619998931884766,20410100
2025-12-29 05:00:00,55.59000015258789,55.68000030517578,55.2599983215332,55.31999969482422,34223800
2025-12-30 05:00:00,55.400001525878906,55.400001525878906,55.13999938964844,55.18000030517578,16160900
2025-12-31 05:00:00,55.220001220703125,55.2599983215332,54.75,54.77000045776367,22996200
2026-01-02 05:00:00,54.83000183105469,55.0,54.34000015258789,54.93000030517578,36087100
2026-01-05 05:00:00,54.81999969482422,56.5099983215332,54.81999969482422,56.130001068115234,58044100
2026-01-06 05:00:00,56.040000915527344,56.52000045776367,55.9900016784668,56.400001525878906,38950800
2026-01-07 05:00:00,56.22999954223633,56.34000015258789,55.540000915527344,55.61000061035156,44720900
2026-01-08 05:00:00,55.45000076293945,56.25,55.40999984741211,55.900001525878906,35358300
2026-01-09 05:00:00,55.97999954223633,56.15999984741211,55.720001220703125,55.72999954223633,29544900
2026-01-12 05:00:00,55.029998779296875,55.36000061035156,54.84000015258789,55.290000915527344,42021600
2026-01-13 05:00:00,55.150001525878906,55.22999954223633,54.150001525878906,54.22999954223633,77045100
2026-01-14 05:00:00,54.04999923706055,54.18000030517578,53.689998626708984,54.150001525878906,59754600
2026-01-15 05:00:00,54.220001220703125,54.70000076293945,54.209999084472656,54.369998931884766,48490800
2026-01-16 05:00:00,54.369998931884766,54.7599983215332,54.290000915527344,54.439998626708984,44363200
2026-01-20 05:00:00,53.61000061035156,54.11000061035156,53.099998474121094,53.20000076293945,57030800
2026-01-21 05:00:00,53.369998931884766,53.83000183105469,53.2400016784668,53.459999084472656,49360300
2026-01-22 05:00:00,53.650001525878906,54.04999923706055,53.63999938964844,53.810001373291016,46919300
2026-01-23 05:00:00,53.4900016784668,53.5099983215332,52.880001068115234,53.06999969482422,47057500
2026-01-26 05:00:00,53.099998474121094,53.54999923706055,53.09000015258789,53.40999984741211,31072700
2026-01-27 05:00:00,53.31999969482422,53.43000030517578,52.84000015258789,53.0,38633700
2026-01-28 05:00:00,52.93000030517578,53.209999084472656,52.7599983215332,52.9900016784668,45450800
2026-01-29 05:00:00,53.31999969482422,53.630001068115234,52.9900016784668,53.54999923706055,51975400
2026-01-30 05:00:00,53.380001068115234,53.65999984741211,53.02000045776367,53.439998626708984,42767000
2026-02-02 05:00:00,53.45000076293945,54.09000015258789,53.20000076293945,54.029998779296875,48031500
2026-02-03 05:00:00,53.720001220703125,54.16999816894531,53.15999984741211,53.529998779296875,66887100
2026-02-04 05:00:00,53.5099983215332,54.18000030517578,53.400001525878906,53.959999084472656,59506400
2026-02-05 05:00:00,53.939998626708984,54.060001373291016,53.18000030517578,53.290000915527344,64475000
2026-02-06 05:00:00,53.83000183105469,54.349998474121094,53.83000183105469,54.2599983215332,53073800
2026-02-09 05:00:00,54.08000183105469,54.38999938964844,53.900001525878906,53.939998626708984,31699900
2026-02-10 05:00:00,53.70000076293945,54.2599983215332,53.119998931884766,53.54999923706055,57920800
2026-02-11 05:00:00,53.66999816894531,53.93000030517578,52.689998626708984,52.7400016784668,60339900
2026-02-12 05:00:00,52.900001525878906,53.11000061035156,51.43000030517578,51.689998626708984,94645100
2026-02-13 05:00:00,51.54999923706055,51.93000030517578,51.25,51.650001525878906,56449300
2026-02-17 05:00:00,51.81999969482422,52.40999984741211,51.81999969482422,52.20000076293945,54064700
2026-02-18 05:00:00,52.349998474121094,52.779998779296875,52.279998779296875,52.59000015258789,45224000
2026-02-19 05:00:00,52.13999938964844,52.380001068115234,51.7400016784668,52.150001525878906,47344400
2026-02-20 05:00:00,52.040000915527344,52.5,51.720001220703125,52.4900016784668,52934100
2026-02-23 05:00:00,52.189998626708984,52.470001220703125,50.63999938964844,50.72999954223633,94600400
2026-02-24 05:00:00,50.45000076293945,51.18000030517578,50.2400016784668,50.97999954223633,64114100
2026-02-25 05:00:00,51.2400016784668,51.88999938964844,51.16999816894531,51.869998931884766,47652800
2026-02-26 05:00:00,52.06999969482422,52.65999984741211,51.97999954223633,52.5,60884300
2026-02-27 05:00:00,51.880001068115234,52.060001373291016,51.0099983215332,51.43000030517578,81998700
2026-03-02 05:00:00,50.61000061035156,51.630001068115234,50.459999084472656,51.29999923706055,70107200
2026-03-03 05:00:00,50.290000915527344,51.54999923706055,50.08000183105469,51.209999084472656,94738700
2026-03-04 05:00:00,51.33000183105469,51.650001525878906,51.08000183105469,51.5,51472400
2026-03-05 05:00:00,51.2400016784668,51.81999969482422,50.90999984741211,51.22999954223633,58430700
2026-03-06 05:00:00,50.439998626708984,50.619998931884766,49.75,50.56999969482422,75632700
2026-03-09 04:00:00,49.91999816894531,50.52000045776367,49.18000030517578,50.33000183105469,78178700
2026-03-10 04:00:00,50.33000183105469,50.689998626708984,49.75,50.060001373291016,70834200
2026-03-11 04:00:00,49.97999954223633,50.119998931884766,49.220001220703125,49.63999938964844,56027600
2026-03-12 04:00:00,48.97999954223633,49.217498779296875,48.790000915527344,48.90999984741211,54366593
